ACC_X,ACC_Y,ACC_Z,ECG,EDA,Temp,Resp,ACC_X_wrist,ACC_Y_wrist,ACC_Z_wrist,BVP,EDA_wrist,Temp_wrist,Stress_Class,Task,SessionPhase,Activity,Subject_ID
0.8805811047633885,0.4515655210542932,0.4387725964885871,0.4833951666134751,0.3326042866750093,0.8373625436616476,0.5360113980346455,0.7616804656546851,0.2081545505867623,0.2481713698108389,0.651410317935467,0.0374534142303257,0.8549802675283832,1,4,0,0,S7
0.880341750891928,0.5071903186605167,0.4095955082725785,0.4607353718569441,0.3350677137696508,0.8381197493238178,0.5672371492142928,0.7648058636165197,0.2033659073863073,0.2637198785600866,0.5090841598438423,0.0315856239891788,0.8541902955109224,1,4,0,0,S7
0.8789198897870094,0.4372781332105385,0.3780774693097202,0.358634015134638,0.3411474636322689,0.8387909717507638,0.5657119233123383,0.7858980002982805,0.2194848236406414,0.2707998311966272,0.5000856862129427,0.0756752219463759,0.8545277074643056,1,4,0,0,S7
0.87970729553543,0.4836237765905157,0.3812667967578637,0.4422466204089896,0.3460447668318474,0.8391930375611777,0.6145967098316076,0.7993142115800964,0.2285447813534585,0.2644461001219345,0.5048537713097813,0.0431385859627306,0.8556526316981439,1,6,0,0,S7
0.87899106316799,0.4940827097168022,0.3710303518891718,0.5053145030315634,0.3463578511368283,0.8394159358648043,0.5304047213668875,0.803205487691199,0.2258150320003311,0.2691393789554261,0.6046488577419775,0.049144262803595,0.8557671585229905,1,6,0,0,S7
0.8745529088611593,0.5077542805560675,0.3464514001392412,0.5413064251563379,0.3467453207317971,0.8395297694657364,0.4877078817794254,0.8043131940349173,0.2307237755985683,0.2692393400837734,0.5237377599371611,0.0649830861035233,0.8550004703286392,1,6,0,0,S7
0.879140150142943,0.5138358732056076,0.3797646860218097,0.4148881099052084,0.3496701039383869,0.8404329987919426,0.6011202153462609,0.7909416483999636,0.220789041799495,0.2684596172663612,0.4903254543841695,0.0304508047923878,0.8529582207660866,1,6,0,0,S7
0.8754206382425657,0.5793103630423235,0.3707392803360202,0.5267767374976571,0.3493840452516026,0.8403949906729888,0.5249065031458037,0.791708431526159,0.2240328713654912,0.2709108608901424,0.5302997655977338,0.0323130706942237,0.8539717657952585,1,6,0,0,S7
0.8787800689447159,0.5271892151076949,0.3807303029279607,0.5581712914545943,0.3526918260811935,0.8410123722388317,0.5433979817179214,0.7895208622403266,0.2207689676680095,0.269211990823523,0.3801056885461715,0.0164052042537963,0.8530138080708191,1,6,0,0,S7
0.8781863212381924,0.5498718972149174,0.3857525031642284,0.4777263049199368,0.3532252467570602,0.8410839057123961,0.5716672706330131,0.7868892503787188,0.2205826734773848,0.2608465240461193,0.6450971430568657,0.0210847002164283,0.8530750459658638,1,6,0,0,S7
0.8779647437037422,0.4824699274215029,0.3640263171725277,0.5479137167502183,0.3528382973695658,0.8412521524422196,0.5445895482142108,0.7938230007003942,0.2264010423258007,0.2630373120552037,0.6150217478281258,0.0153875877942681,0.8520288936928215,1,6,0,0,S7
0.8804887958430929,0.4145553405659996,0.3762516455696572,0.4892421010866008,0.3526483711060496,0.8414959385201268,0.5320434502856224,0.7869779453615858,0.2238215435694726,0.250425363798777,0.5493426311337685,0.0081337465003848,0.8522140069079246,1,6,0,0,S7
0.8756825816288786,0.5080045885462644,0.3511826105756283,0.5163756442128112,0.352971073325954,0.8413242104945902,0.5051295209889042,0.7984943219880464,0.2285388570606981,0.2666609476248338,0.6214967592901364,0.0,0.852579043065459,1,6,0,0,S7
0.8738165832745838,0.5012659112592218,0.3373132125290013,0.5235967420960527,0.352519319555012,0.841350057923038,0.5258147061203077,0.8026170207850821,0.2288623248253873,0.2686197671994622,0.5770886576794978,0.0143990715851064,0.8520258524490089,1,6,0,0,S7
0.8732688346251571,0.4969198815806642,0.3353238218550241,0.5449488759881785,0.3524243242737354,0.8414293647007296,0.5245807289711717,0.8037031115163611,0.2274537801901143,0.2716124911525506,0.5072877934612451,0.0062525200094771,0.8508473115271024,1,6,0,0,S7
0.8767556767024614,0.4226532075532065,0.351003630747033,0.5139054887644408,0.3533160989083728,0.8414521123453232,0.6452129779283592,0.8019559122383613,0.2335328781464025,0.2526069891295163,0.4512724267388256,0.0205950026673483,0.8504341335513036,1,6,0,2,S7
0.8721152139521513,0.4775336531024022,0.326096533425616,0.5002351478768993,0.3548489357066264,0.8413168187023216,0.462926334676537,0.8035122707745196,0.2287926619797974,0.2603606526945684,0.6258368717238615,0.0199446378381746,0.8494528793828017,1,6,0,0,S7
0.871723631256831,0.4377160611404319,0.3283945481286595,0.5477034708386181,0.3552809153735354,0.8411856740007869,0.6000233372084899,0.825656041366976,0.2540100435071214,0.260993441964932,0.5229986637830248,0.0319722539114868,0.8500087218637082,1,6,0,2,S7
0.8752456533580149,0.4022013883801852,0.3279310350535425,0.5057691681742794,0.3559902538553272,0.8412483373236294,0.6483042093156675,0.8074717324350944,0.2195075258055644,0.2501545046755769,0.4779271481852776,0.0341194689744326,0.8497283815838585,1,6,0,2,S7
0.847230958436517,0.51136766701475,0.2600507790312121,0.4712603466659112,0.3568527741932826,0.8413738547252435,0.6204758172467449,0.9355984985750554,0.379751223261162,0.3721636092118286,0.6104512082382656,0.041179754712664,0.8490763243288701,1,6,0,2,S7
0.8464051543340646,0.4913828651835275,0.2569982023560397,0.4804234301936092,0.3566607598302391,0.8415088622343507,0.5151637656875147,0.8450951184342846,0.6460206323724871,0.6314154244293932,0.5112091935575727,0.0991667472045389,0.8490087475605976,1,6,0,2,S7
0.8607984846346317,0.4328172476819611,0.2860517511861351,0.64767470656435,0.3576724096650759,0.8412266865256306,0.4678902927981804,0.7498624894536012,0.6433801830573073,0.7447516824206465,0.6126848116860338,0.1339976850840691,0.8507890855235628,1,6,0,2,S7
0.8570747094041749,0.4794227319659089,0.2833121639347084,0.4164184460572224,0.3582240894259461,0.8410333077020948,0.6573720456441863,0.6463059307963981,0.6502582161194481,0.8152854293330587,0.4000584742974795,0.1350216771966397,0.8512921773542725,1,6,0,2,S7
0.8628738322133214,0.5200057320051282,0.2903873056085677,0.4516526561446172,0.3575399290535961,0.8407559962695771,0.5029317415443182,0.594356417783368,0.6383001129750341,0.8293361505549732,0.4928706506979577,0.144268546319625,0.8494304085947525,1,6,0,0,S7
0.8662862575938276,0.4702505091225876,0.2995686314183298,0.51201910758993,0.359376665936741,0.8393598536215299,0.4789236502220612,0.8085619982162762,0.666900624481978,0.6731659794217242,0.3949234205828527,0.1732366469621767,0.8470781154390125,1,6,0,2,S7
0.8688061662809322,0.4788377391552185,0.3177829064417454,0.50751996481998,0.3612447413030332,0.8385615877455337,0.5627541755575325,0.9174266186331848,0.6399876680280762,0.5475316585049239,0.5868532238449249,0.1708837692646566,0.8473331167126399,1,6,0,0,S7
0.8753957209169069,0.4305909513405531,0.3409772440702203,0.4928010693556626,0.3606452399735679,0.8386368886487058,0.5414369437983364,0.7417260103813094,0.6441284484810221,0.7454750509642005,0.5912779022549987,0.1727521046892866,0.8468008872313416,1,6,0,2,S7
0.8773813643654729,0.5496887878222859,0.3770840844168857,0.6439688383085749,0.3609294900679241,0.8387792879500813,0.5117332749501053,0.6885739218849821,0.6061971405835126,0.8087104642982926,0.4971018549358777,0.1662148474934692,0.8473397559921653,1,6,0,0,S7
0.8791273102457022,0.503247439473319,0.3931259351543576,0.4103716889470092,0.3618665999331992,0.83875859093173,0.6356293819514698,0.6903389218268718,0.6120451753263465,0.8036218631984384,0.5408651922511791,0.1649915816654021,0.8467508482138778,1,6,0,0,S7
0.878887312962703,0.5307390700335173,0.402297505924465,0.5951680656519737,0.361496180798707,0.8394178434240993,0.5833799529977455,0.6602713337145707,0.6154254002446495,0.8204932857694334,0.5335710126408812,0.1599305156850956,0.8442842182064059,1,6,0,0,S7
0.8794436370658477,0.5283271113629682,0.3996254967277443,0.3485920273182057,0.3620068824782484,0.8395427885579251,0.609274964083541,0.6503103918295039,0.6153037728749626,0.8254947217366855,0.5499359024081655,0.1649877224906098,0.844224404313059,1,6,0,0,S7
0.8240658762290558,0.399411434887388,0.2228120093560239,0.475902760487952,0.3333084407404675,0.8329950912776661,0.4866771682142091,0.9149855802410268,0.3552303172202912,0.2740561660851751,0.4969228560851512,0.1364765865517777,0.8051041674103563,1,4,2,1,S7
0.847636342741491,0.3597897516787075,0.2523084773437226,0.4549591338623198,0.3323346982913024,0.8323365064310501,0.4531728617694107,0.928681027105616,0.3326083131637585,0.4025064576682423,0.5028093197763177,0.1430087471542113,0.803053528990576,1,4,2,1,S7
0.8439303037633579,0.4325366709987889,0.2796298293344086,0.4162218781112758,0.333170095903364,0.8329386275225326,0.7150284949758656,0.8837954894327994,0.3219838187647749,0.2706546945856699,0.559871653253946,0.1253189405174132,0.804663743630453,1,4,2,1,S7
0.8280635584716242,0.552027417272114,0.2104677923328879,0.4918000108583276,0.3341941719476379,0.8333061188207238,0.4989818415230144,0.9224976270308628,0.3350314254647671,0.3633884008265165,0.4880294997527055,0.1382365576922508,0.8044889303382229,1,4,2,2,S7
0.8799882686747809,0.3293560663179825,0.381624696320326,0.4512979916015424,0.3367756145124118,0.8342121141079081,0.6105965727839682,0.8868184115247156,0.3066235188489952,0.2876385559587331,0.5757566827636883,0.107087282419528,0.8047295179564887,1,4,2,2,S7
0.8748438508999454,0.3615305622869057,0.3380900472605577,0.5185919019099962,0.3354708868264062,0.8362004585391034,0.4968408055206528,0.8853462582806773,0.3113109916100408,0.2726444968075116,0.4529751338979493,0.1026584371234644,0.804444937052067,1,4,2,2,S7
0.8716500663132589,0.3470490305788433,0.32657321531866,0.4739531971210425,0.3364691493571302,0.8367445898280164,0.6345548651384156,0.8984527431004516,0.3204014951575019,0.2945751781223962,0.5363624586039685,0.1124273336077949,0.8054142010322828,1,4,2,1,S7
0.8755166383584758,0.4324773234979639,0.3367226434921035,0.5058752348283916,0.3372848702495882,0.8369221359094031,0.5669245914769717,0.8884483627501484,0.3131637061379061,0.2875963085049922,0.5243322957262165,0.1125140217735578,0.8053273034227174,1,4,2,2,S7
0.8672589833995658,0.3794812407741971,0.3086906705191926,0.5503500827147682,0.336899491258267,0.8368640984178514,0.5495193998764555,0.8904923964044142,0.3129385570243354,0.2899149787349331,0.5392759837851895,0.1093573645343393,0.803454743089299,1,4,2,2,S7
0.8681178557705337,0.4109659222776196,0.3071160686691805,0.5116253020034688,0.3367516331963621,0.8372832845729385,0.566035774281274,0.8951089235914375,0.314088806410301,0.29497119515808,0.5243307209628486,0.1115404116701204,0.8046110310488539,1,4,2,2,S7
0.8724874819292816,0.4328558198218319,0.3291380610857773,0.5971808995020055,0.3374268588024427,0.8380389164986901,0.5120558522004333,0.8967635861594457,0.3125170433031993,0.3006762532584915,0.5685840474795193,0.1202464905869397,0.8031328695097935,1,4,2,2,S7
0.8758753575344211,0.4025049844473249,0.3397438288962325,0.4592433530645192,0.337841170623634,0.8381476950674905,0.5626841039983642,0.8953126384722956,0.3156703113143815,0.2979345397030758,0.4366068548399662,0.116421148097384,0.8032796530246831,1,4,2,2,S7
0.8699521759774024,0.4472934063245073,0.314366191599929,0.5708201406614806,0.3416580091624832,0.8408353984252334,0.4894682084156505,0.8957414077979481,0.313731284913601,0.3014165521199232,0.4734320711676614,0.1247690978912453,0.8042608945819684,1,4,2,2,S7
0.8705567744987291,0.3541085165653883,0.317082517569817,0.5199876050090484,0.3424782927029014,0.8420049707180111,0.4892137987172285,0.9022385430656344,0.3268748467360401,0.293246258912857,0.510901873980551,0.1209010226845505,0.8046913861219175,1,7,2,1,S7
0.8757216248100061,0.3827633310889141,0.33674050493773,0.4359930175091816,0.3424492123919633,0.842134493994145,0.6153043191794798,0.9006943796455864,0.3191144227573113,0.2901285609127778,0.5287738658030512,0.1129726283851601,0.8069785760693126,1,7,2,2,S7
0.8706210208799132,0.3820532564982436,0.3252656684448061,0.5897919705884125,0.3427487423802471,0.8427062372038537,0.6177127019045634,0.902427447246354,0.3238530520279975,0.2989058226163278,0.5645567722541424,0.118187350071025,0.8066738016738674,1,7,2,2,S7
0.8763195276408445,0.3973364085877132,0.3410509576225055,0.4112895132483224,0.342995661648364,0.8428838786632055,0.7369799986740472,0.8923784047515634,0.319499458680659,0.2817822238018978,0.5212609138090621,0.1115235467323076,0.8072925707085076,1,7,2,2,S7
0.87497255604594,0.4518907079249592,0.3383522584986959,0.5794062023039388,0.3477090589602101,0.8434986850239998,0.4773360536243378,0.8966923856410854,0.3184572655875672,0.2954021989919598,0.5593637088830041,0.1462292196915277,0.8065923611619453,1,7,2,0,S7
0.8728914940147485,0.4327069926114133,0.3250968880604666,0.466663248039708,0.3464374115364623,0.8440436747145956,0.5881120896378838,0.8970242977695839,0.3180988165144598,0.294031796878009,0.5203418834536886,0.127737877259067,0.8079920571009226,1,7,2,2,S7
0.8636629036695818,0.4191274068531829,0.2965341418376366,0.5220721013478392,0.3461750391458366,0.844240916345704,0.6286761344671005,0.903286010500329,0.3248016803208344,0.2972587655749074,0.520812144805342,0.1217161341776141,0.8087770126682124,1,7,2,2,S7
0.8665661488035701,0.4365036998690988,0.304891290195546,0.4795505077487396,0.3457261690310654,0.8444814595728096,0.6315531046517171,0.8992925222035972,0.3215381730388744,0.2916818842498085,0.5187811104563234,0.1194646122652887,0.8090531698319899,1,7,2,2,S7
0.8615231680058121,0.3942261656350029,0.2894220434474711,0.4898584429546483,0.345765131298582,0.8443455459730372,0.6458548957284336,0.9034829810488858,0.3265605071315419,0.2956622747428611,0.5396551196310687,0.1170445942474158,0.8080166322066403,1,7,2,1,S7
0.8779063919528763,0.3682539981672015,0.4363035183835875,0.4053168243591208,0.3264508572242331,0.8449947837791077,0.6004675993810236,0.7966385914584959,0.5314212949316144,0.7481480729705036,0.5386887471697598,0.1744217605326042,0.8763719936747173,0,4,2,0,S7
0.8773215493029795,0.3743696091030257,0.4444948009304663,0.5580202584076482,0.3265104336187642,0.8449982173858386,0.5061578003155748,0.7888746671627364,0.5316906028639773,0.7547733534039356,0.5279542678592273,0.1743858473304982,0.874156042571106,0,4,2,0,S7
0.8771186119138925,0.366309917990547,0.4389735761037138,0.5315857957177681,0.3269194233960241,0.844892538600893,0.5847754504319878,0.7872136170570179,0.5306889045029827,0.7553347344527104,0.6892286070597409,0.1757983589037993,0.8750917339208644,0,4,2,0,S7
0.8779100265559343,0.3605339795634534,0.4395714539661015,0.4502101382263934,0.3262097963964286,0.8449232979945256,0.6275553027199615,0.8051666647709284,0.5303244589304518,0.7421604048376469,0.3954263233944461,0.1737219463862553,0.8738146901520251,0,4,2,0,S7
0.8773986996108685,0.3653604680757137,0.4439840788667695,0.4899079449264977,0.3255458571078662,0.8437542025915717,0.5226653858034751,0.811296280540653,0.5306472995718943,0.7342081796848546,0.5574548248440735,0.1681242578010765,0.8719318022605078,0,4,2,0,S7
0.8772379571730377,0.3636243599166505,0.4431959705443734,0.4469664933132268,0.3260673430536398,0.8429220298491064,0.5578647868264828,0.8049035486367673,0.5307442888865794,0.7422494916776815,0.563775299648522,0.1651908584724144,0.8699635787284252,0,4,2,0,S7
0.8776324385632008,0.366320131137241,0.4403481993170716,0.6107011503522974,0.3260106642614035,0.8427158703782939,0.5108990118368616,0.8043415926200341,0.5303855979518037,0.7424465002504845,0.478308439397093,0.1655514980235467,0.8702472176402349,0,4,2,0,S7
0.8778220793555218,0.3579888684211445,0.4325495028643668,0.4509295413603639,0.3262555292693856,0.8425132398921771,0.6194321443137576,0.8046224164335612,0.5307816980640104,0.742446314425598,0.582740947045303,0.1629741322708602,0.8693715875699739,0,4,2,0,S7
0.87914881761408,0.3652939918727234,0.4210293765971937,0.5073020035037783,0.3258097297771418,0.8417735360865389,0.5930077762985423,0.7937203841531619,0.5311065818430796,0.7508425039342184,0.5019065922576729,0.1610435035160875,0.8682646424269596,0,4,2,0,S7
0.8794824600301925,0.3601789374695874,0.4235054742096412,0.4014925521727363,0.3260545773858799,0.8418232756951575,0.6251212002486808,0.8151488530177541,0.5308044922469667,0.7333425515458882,0.6672146062581692,0.1599885527785084,0.8665347278147936,0,4,2,0,S7
0.877818199616172,0.3630892036110923,0.4415555945712527,0.5046758513044802,0.3254350662107972,0.8416821163073237,0.5199543901857078,0.8097461727204697,0.5308234342771726,0.7356681303541279,0.5391299318346328,0.1578268130740622,0.8629882622176339,0,4,2,0,S7
0.8778119793932352,0.3602265330601857,0.4379413045288148,0.5747434861334528,0.3251337874758536,0.8418332903814566,0.5326415930099873,0.8075346244521221,0.5310721484045824,0.7383784883332843,0.5199617852720697,0.1584150990941647,0.863086789300622,0,4,2,0,S7
0.8787094026774538,0.3557185965861351,0.4334495798346045,0.4779481830640235,0.3249070128020708,0.841810304291951,0.6066978450086404,0.8072516477371239,0.5306974232194087,0.7394300987150537,0.4888256687410769,0.1571676076547264,0.8611324699698362,0,4,2,0,S7
0.8774890878831456,0.3598150119568354,0.4400852567961762,0.4670991253496874,0.324684386649963,0.8417618999748393,0.5585563383103513,0.804173556040945,0.5314278020893201,0.7425134328222326,0.5457088672205669,0.1561251356849946,0.861150550094318,0,4,2,0,S7
0.8783631523057762,0.3629996350139784,0.4437104209784908,0.5986262536209648,0.3247385533274932,0.841671863176113,0.5091736272446944,0.8035598545532303,0.5304167445688541,0.7446682212046865,0.5188286515677104,0.1570566654432435,0.859944760199854,0,4,2,0,S7
0.8783713365101565,0.3597751141491875,0.4270988620766266,0.5060391215423335,0.3247126510756314,0.8416865990716673,0.5919616011683081,0.7420986944988618,0.5392137300698223,0.7894002783720666,0.6378435763844945,0.1577613955118216,0.8604531755287768,0,4,2,0,S7
0.8784430039100357,0.3701919359816007,0.4314217564549234,0.5267115589785745,0.3252165308523902,0.8427058556919947,0.5250691089583601,0.7481054725605109,0.536593204140417,0.7849114418792049,0.514489228120826,0.1540784228753356,0.8581556436590516,0,4,2,0,S7
0.8797064929315346,0.3618713613352798,0.4311286977534542,0.546313074132551,0.325104707484609,0.84255162952299,0.5155042647174944,0.7481829136487617,0.5406618561383277,0.7844441204520722,0.4884769013088509,0.1532740911608049,0.8585063877410897,0,4,2,0,S7
0.8529908801467434,0.445135650138952,0.2615074011159262,0.6080191787272248,0.3259976631360883,0.8426139590229555,0.5610141814045861,0.8707640634981053,0.6405658914135408,0.5358803550869214,0.7408833561199634,0.1454809214598856,0.8545307027507509,0,4,2,2,S7
0.875692491718209,0.3471868482820713,0.3863583725470782,0.3504326464971209,0.3273311705527754,0.8429501663487081,0.6280233603702696,0.719522572476009,0.6207483704723535,0.7710428398989017,0.4122823911481327,0.1415302320167239,0.8554187523483066,0,4,2,2,S7
0.8767568054755814,0.3653033432225703,0.4621696011069924,0.5182427405688175,0.3279047593652501,0.8430991944186341,0.5430666962627382,0.7188160012437468,0.5353759167168463,0.8147462497024518,0.2691840553397646,0.1525807917738167,0.8547432188534768,0,4,2,0,S7
0.8791535699960769,0.3694445480962165,0.4343624450257075,0.5717473063896565,0.3278333708584796,0.8425445238646159,0.4966150279089701,0.7234710242753517,0.5391822054871387,0.8022477468017328,0.4944127700147436,0.1540885489425906,0.8549948507533562,0,4,2,0,S7
0.8794345996818008,0.3597012290504429,0.4147525883413441,0.5097959790099288,0.3277919089873534,0.842672425715349,0.5972411112284272,0.6897754983090212,0.5331157426211781,0.8242937524463321,0.5465763584950052,0.1539119933915655,0.8551483089414252,0,4,2,0,S7
0.8803420290423085,0.3513088753210865,0.4212172288793723,0.4499404701521436,0.3280645042804245,0.8427311785416366,0.5841525391036317,0.6815303539350922,0.5345712416057652,0.826161736814342,0.5257191596883878,0.1565490160876132,0.8548028228540591,0,4,2,0,S7
0.8797390473064627,0.3496097722573587,0.4186587343443194,0.5165095901795399,0.3282879590358263,0.8426776715034103,0.5392234478574749,0.691363430377622,0.5276226925598533,0.8234931708359161,0.5019468590727088,0.1554857196033877,0.8562211910645354,0,4,2,2,S7
0.8818555519551139,0.3421021762481631,0.4290519492139906,0.5734569336953722,0.3291552451551561,0.8426218277050478,0.5017764879410563,0.684817496713853,0.5374719708772172,0.8244213197485917,0.4710035388619376,0.1559561540922368,0.8538332694818922,0,4,2,0,S7
0.8690963448409904,0.4539093644725919,0.3303327394400366,0.4457252562070993,0.3323287844863335,0.8427048065343824,0.6713574699669115,0.7155127524078544,0.519709727730026,0.8102451695955104,0.5039642436531135,0.1526389551180609,0.8537247684404188,0,4,2,2,S7
0.7305938994762643,0.5232799552574013,0.1015295015454541,0.534498566056804,0.334162284218789,0.8445186569790631,0.6790394523040828,0.8804701593662831,0.7057406954839335,0.4009067147293237,0.2211497037274195,0.1437815173689378,0.8532772525160851,0,4,2,1,S7
0.7180034064025556,0.5581935502470006,0.0866049058454047,0.4297808512137919,0.3320411417024265,0.8462659812933289,0.6527111955344148,0.8870011449694446,0.6939363204963482,0.4963276649357784,0.3781999527594409,0.1431872957941575,0.8585962202154886,0,4,2,1,S7
0.8651520660449046,0.5423655512275432,0.2434460587182126,0.4586770924494429,0.3319552638699021,0.8462059885534995,0.7260231571739306,0.8583637934417048,0.693510617561433,0.5700603800195645,0.4292190243705135,0.1418159948844409,0.857318405686292,0,4,2,0,S7
0.8792281415456759,0.6584783137393055,0.303109588397724,0.5062938125032631,0.3361235668774417,0.8446600548118088,0.3618019556260782,0.3965599498790437,0.039474806694055,0.5289466419799049,0.5517957370190029,0.1378778302050749,0.8592751558536775,0,4,2,0,S7
0.8441349382577439,0.5982221716131353,0.2769412697437963,0.4967001920090058,0.3359584356726161,0.844236004380519,0.438528192968427,0.4148283923033368,0.0457950515589444,0.5273201254980333,0.6129333262644058,0.1429753901021704,0.8595771593064905,0,4,2,0,S7
0.856451774995025,0.4971020040640074,0.5160287225202638,0.3405305449134674,0.8814651427575464,0.8509204259732509,0.6145156684930861,0.576424917057875,0.578398161842181,0.8695665181424233,0.5387153602044258,0.9612529226223075,0.7783211349392056,2,4,1,0,S7
0.8652607777783862,0.5041224537762106,0.4930654824797599,0.4347958521616687,0.8803585540074137,0.8512526274244842,0.5296123578534058,0.564646576274759,0.5768128291359493,0.878185388096894,0.5472592308391524,0.9645379473789666,0.7783576710563167,2,4,1,0,S7
0.86111954047522,0.4736758794881021,0.5069362240103764,0.7573527591888369,0.878924751429684,0.8517010946147502,0.5051751120954272,0.5604179663246764,0.5778848997695127,0.8783147186256041,0.5362948781048081,0.9689694540037002,0.7782944077721747,2,4,1,0,S7
0.8605605484460467,0.4770994626232166,0.5048900397385349,0.3289940942628635,0.8793864584629664,0.8520654384401048,0.6286077098421519,0.5628918594480679,0.5780152076545109,0.8789813395136132,0.50471055372061,0.9671016149269112,0.778727624656317,2,4,1,0,S7
0.8574677863046549,0.481812716501701,0.5137651131558599,0.3607306924689767,0.8819555687424004,0.8535684520976572,0.6254714372518154,0.5364372138632063,0.577508520288049,0.8897502251270086,0.5105190693710294,0.9772247597293512,0.7790092245999379,2,4,1,0,S7
0.8605338353046821,0.4983988773966689,0.5065073193969195,0.2058450832060839,0.8849077840489074,0.8536397471263096,0.5313306190438097,0.5320873274157114,0.5773565354842278,0.8905003145507997,0.5470165839470376,0.9748576309737024,0.7789883416628957,2,4,1,0,S7
0.8568382336192173,0.4734169301288324,0.5157388814117284,0.605472954103025,0.8877985337992959,0.8535585804783051,0.6182151710035962,0.532515520873297,0.5780432673721257,0.8908097685564735,0.5303500338096343,0.974942107855588,0.7790161929444708,2,4,1,0,S7
0.8589522033460046,0.4851621562949783,0.513142362062218,0.5300167051760943,0.8865669494875124,0.8535158511500961,0.4769441875789879,0.5157497918613423,0.5788448141871096,0.8962355478126038,0.5401764722078027,0.9802930715900544,0.7790798432107573,2,4,1,0,S7
0.8576470797439688,0.4686939602407338,0.5126149938706808,0.8108701719864584,0.8897489362614734,0.853349035089744,0.5366164801714813,0.5181245806797445,0.5788683099183862,0.8974936921637848,0.5189717058759596,0.9756684924940242,0.7785146844429156,2,4,1,0,S7
0.8609606464382457,0.4549297826665793,0.5039054644093217,0.4365037685566519,0.8820963030983191,0.8531647648618421,0.5408867682977495,0.5052226388975414,0.580642899829972,0.8996816901061075,0.5462218564010185,0.9829476598241706,0.779009479648761,2,4,1,0,S7
0.8561926702496273,0.4483613187007075,0.5210452382896726,0.6841290250615746,0.8798611174433424,0.8530052452157935,0.5073603648311364,0.5107045448135741,0.5804693077284213,0.897946121969986,0.4992789350677128,0.9773048535021684,0.7796954461133135,2,4,1,0,S7
0.8634849653277962,0.4408187964521159,0.5005800245622245,0.7524442288294468,0.8841158770935829,0.8526351787125539,0.4616175816317419,0.5157111087647805,0.5814982405969865,0.8967692567901975,0.5081420460035705,0.9762053415906942,0.7796888284452038,2,4,1,0,S7
0.8631829806001952,0.4374216996470679,0.497115430207913,0.4091571045982678,0.8843787915536361,0.8525305967742028,0.5895199415310274,0.5126242302784119,0.5799108320588859,0.8975560439883044,0.5108297373018007,0.9782990713999696,0.7805509390181816,2,4,1,0,S7
0.8620439926840496,0.4474475019615959,0.5051939233579145,0.4491422344088343,0.8873429744059604,0.8526224457542594,0.5093800517455624,0.5014627462690304,0.5796973348669419,0.9030690543627156,0.5002990126601371,0.97729135055011,0.7789878367702077,2,4,1,0,S7
0.862650835951983,0.4479506163950623,0.5008996410724984,0.5934696725569415,0.8845588824495445,0.8527287921849582,0.4366053047595702,0.4949710562296189,0.5794832026404093,0.9041715875379396,0.5280966237945064,0.981182057012442,0.7796689499247413,2,4,1,0,S7
0.859256320705701,0.4371310688806997,0.5100291100657298,0.5497676075798715,0.8876685255715593,0.8529417234912684,0.5738137985908262,0.5007378856782081,0.5817146329033465,0.9036253715934922,0.548441924054596,0.982408249711173,0.7806486385906982,2,4,1,0,S7
0.8593692679697253,0.4425800466421839,0.5112940354908262,0.4367124143618627,0.8890440556528789,0.8531174573913247,0.6282259592699972,0.4925586978350241,0.5820657328888372,0.9044051545429812,0.5415121405238408,0.9818102575359616,0.7792083103016676,2,4,1,0,S7
0.8604158816770805,0.4454324336557204,0.5075416206359307,0.4344183964434526,0.8916209683365788,0.8531770686192953,0.6263391433011453,0.5083386328093105,0.5777735759419956,0.9027665580867492,0.5285919743586024,0.9827406863110651,0.7790019989979236,2,4,1,0,S7
0.8585877457673196,0.450281845320999,0.5127695756953761,0.6182781854993091,0.8982667708969724,0.8527641774098815,0.5626786215665319,0.5059580396872867,0.5806964955054448,0.901304388846496,0.5110867767621446,0.9837960289673164,0.7806512154009795,2,4,1,0,S7
0.8598492096025783,0.4451035374144228,0.5096373309736515,0.6238933832730513,0.8962595041165031,0.8522600094882,0.5648883906985243,0.4941149610838287,0.5790672884396664,0.9053734882719594,0.5046309660713099,0.9846458448724552,0.7792801143028076,2,4,1,0,S7
0.8598570634010376,0.4397539095097381,0.5108666565982941,0.5904703988022166,0.9048604091292272,0.8524235826977503,0.5270751521364503,0.4781739888754501,0.5775983436035115,0.9100285884273271,0.5628478726102338,0.9781501116963118,0.7791117245005608,2,4,1,0,S7
0.8623757615959841,0.4257827455531503,0.5029320666856159,0.5497262270868141,0.9096471879736738,0.8525013157390239,0.5055271023514348,0.4904683806845422,0.5795080270700472,0.9062510006937528,0.5257016302180821,0.970593989034616,0.7790572443770315,2,4,1,0,S7
0.8643856700154124,0.4269535264183899,0.4991429725300277,0.5780094069135544,0.9100338422651916,0.8525535351747259,0.5287897524902935,0.4905486913491769,0.5800961433548463,0.905598009514388,0.5058963229237848,0.9712772909545128,0.7789450008317063,2,4,1,0,S7
0.8609284385545195,0.431837721252318,0.5051867160944759,0.7075555389365991,0.9094679209617844,0.852672328429825,0.5808983532532117,0.4903993987367007,0.5807339031996651,0.9046034545635976,0.5322760471515559,0.9775196685356342,0.7790407541355334,2,4,1,0,S7
0.8609280904628548,0.4359187877957737,0.508423124157998,0.2963147973964386,0.9074156202651976,0.8528160630227071,0.6527951391960176,0.4886822673105974,0.5811768749074256,0.904884739175776,0.5523575600386058,0.977163948047668,0.7789277751646003,2,4,1,0,S7
0.8652116543862047,0.6159572120014616,0.3513322165353379,0.6399593126901999,0.91224326270136,0.8527420020330767,0.4912162254598641,0.4902838298687754,0.5792600067141686,0.905329372206344,0.6052111265357232,0.969098901176952,0.7797400570557544,2,4,1,0,S7
0.8771405876301145,0.4727104295590127,0.4136559607827527,0.2598280461809522,0.9120035817437908,0.8549782814836461,0.49326119472474,0.5867560174174664,0.5740145862512847,0.8683248161313858,0.5079812679863351,0.9891428863204588,0.7786822027405272,2,4,1,0,S7
0.8772516243702633,0.4917142072449296,0.4331046577440488,0.5606913193254209,0.9155227462683072,0.8561067458736152,0.5192990089242194,0.5989117374445774,0.5725240837472501,0.8632017774778389,0.6617255715961959,0.9825126796205056,0.7786891734914628,2,4,1,0,S7
0.8778416999756841,0.4875452383093867,0.4363880594696182,0.5533115798653884,0.9169017437876126,0.8564469590738875,0.6337293218499702,0.6144242347288391,0.5746668107877484,0.8574111275141018,0.4150643226545775,0.9776201534599384,0.77858954568382,2,4,1,0,S7
0.8784856238297,0.4959511105982187,0.4303558149692267,0.5419722360537428,0.9200627990371832,0.8571924809353755,0.5101001419967256,0.6074940021572637,0.5743027691932008,0.8593486973107943,0.5611146781495435,0.9729871707172018,0.7788789948599552,2,4,1,0,S7
0.877308937112027,0.4981881397086298,0.4371379349618791,0.6951030391116572,0.9226096091798824,0.8572854744510091,0.5656366680597513,0.6046646070735414,0.5735489955040383,0.8601880605821117,0.5420304135471032,0.9710533154202634,0.7791068925397623,2,4,1,0,S7
0.8777963406238701,0.4983350887701204,0.434055022614741,0.7296383242152819,0.9290607264003652,0.8584219029010354,0.511581506547223,0.6033348639096744,0.5761396464429975,0.8597638012590556,0.5176851757987934,0.9608331969066974,0.7792724423609274,2,4,1,0,S7
0.8773482073933199,0.48789528580587,0.435944005385791,0.5351046640131082,0.928751487713581,0.8584187554281983,0.6366876151658718,0.596361098363101,0.5731747265683399,0.8616477403231575,0.5536061167729479,0.9642698954915424,0.7775992906199788,2,4,1,0,S7
0.878070586706545,0.4891789648266641,0.427630326523576,0.3082490646547934,0.9272086407385705,0.8585497093738036,0.5945625084064797,0.6013042631629693,0.5703855388437296,0.858518493317203,0.5293922746616455,0.959506925911491,0.7777484167233959,2,4,1,0,S7
0.8695942358934476,0.7075960656231657,0.4511233822561329,0.6784718372087499,0.3827587623094082,0.8656193148771885,0.5150146356402515,0.7081936972433276,0.6137503496145661,0.7874918345793835,0.5193636387288451,0.2898433495293834,0.6760940081309162,0,4,1,0,S7
0.8675894514780461,0.7089185047845035,0.4579339098536925,0.4497451942691963,0.3901504663965464,0.8665350864057595,0.5810819161931913,0.7054469657509195,0.6024640112492435,0.7971678671354561,0.5296860494253973,0.299456750922414,0.6755743477623444,0,4,1,0,S7
0.8672503323576758,0.7131991154033572,0.453367318450709,0.5606623124761998,0.3908279267228604,0.8667091988804153,0.5422110028559554,0.7104546084224905,0.5997616315431468,0.7955478895365833,0.51850133441672,0.2985607614904488,0.6761527751471108,0,4,1,0,S7
0.8688266366400956,0.7241773083663982,0.4441174969033942,0.4828220828655925,0.3907822722417984,0.8670290011962305,0.5081380691362547,0.7213297458647907,0.6009413791716313,0.7865619955810483,0.5217844789571024,0.301984089541913,0.6760755746991602,0,4,1,0,S7
0.8645730122219533,0.7629579625058396,0.4521244003338647,0.5298118159720827,0.3957794798818124,0.8684901916162387,0.5789109300061392,0.7134671994547632,0.6015204448880785,0.7933632851450801,0.5244947658313049,0.3003204774190854,0.6768486166917418,0,4,1,0,S7
0.8668400598442453,0.7601379143938408,0.4401785482411903,0.5018786338478823,0.395592346116935,0.8689506764300639,0.5238309619858275,0.7163714687781776,0.5919162478621143,0.7966009037436572,0.5478958266211138,0.3018879500000806,0.6765652362234553,0,4,1,0,S7
0.8677592590302031,0.75162171243421,0.4366520564983485,0.5143255833665751,0.3949350367412826,0.8694566565330758,0.5880161381737719,0.6909274390695955,0.5938761942595971,0.8084895099417598,0.513606389058578,0.3012206782952937,0.6769769167611961,0,4,1,0,S7
0.8687719754314353,0.7523953049882492,0.4225937461444546,0.5066031161179758,0.3945892694376069,0.8695954314717907,0.5343380655393142,0.6913037711221297,0.5925086811324851,0.8056230796507132,0.5047123162238438,0.3080965754843451,0.6757864110117879,0,4,1,0,S7
0.8695611210576176,0.7396461768901361,0.4120220401705422,0.5351711630816735,0.3938484087019946,0.8691994698511208,0.5712847688271527,0.6762305313010952,0.5953415069214272,0.8161005456605173,0.5178230059785331,0.3055135559176759,0.6780840776486787,0,4,1,0,S7
0.8715942013258399,0.7234589933400783,0.4270155944559357,0.5072888806478172,0.3946674370149903,0.8689468613114736,0.5873232907263375,0.6727079292187117,0.5987088557766524,0.8187056424996186,0.5254690125750124,0.3055035938202645,0.6790629177509329,0,4,1,0,S7
0.8671055267292685,0.7513424200027053,0.4359687863901264,0.5397287334300824,0.3985116688571158,0.8680908440778199,0.5281727151374604,0.6733944603502283,0.5932303934281165,0.8203726948148915,0.5121233829456165,0.3176465067960867,0.6776560178130987,0,4,1,0,S7
0.868564180558179,0.7449019904490999,0.4335795545355864,0.499683946609014,0.399379746541174,0.8680752020916007,0.5520284001981529,0.6821365636034253,0.595081050736839,0.8139855780233916,0.5345414079802154,0.3228226987786987,0.679330124302435,0,4,1,0,S7
0.8685728534121953,0.7494777010406776,0.4209196807529158,0.5171508347265084,0.3993282480971088,0.8681157854156027,0.6258967763622926,0.6783342140186976,0.5930269886808033,0.815310161284232,0.5224539525139842,0.3216287965803342,0.6777381131557256,0,4,1,0,S7
0.869476478457435,0.7389529439912569,0.4311130869856804,0.4701507559019494,0.39911598459516,0.8678512546303617,0.5748778608209263,0.6718293070946497,0.5954852765711638,0.8218335935187574,0.5193148305687116,0.3202536148845627,0.6772805594835463,0,4,1,0,S7
0.8679956548159387,0.7611355451229878,0.430171732673306,0.5246347855180982,0.3990381778279895,0.8676384187020164,0.5002139436226295,0.6753746249485436,0.592094356625277,0.8201574913348604,0.5407983046397885,0.3190431084346199,0.678100692776739,0,4,1,0,S7
0.8693027627640418,0.7501832290356725,0.4227797598449415,0.5082460503614366,0.4002004308036301,0.866470134011763,0.5095125695338402,0.6572982764743783,0.5922098319915776,0.8313590779809945,0.5349875622501552,0.3106609163501693,0.6786683689002084,0,4,1,0,S7
0.8688987194809583,0.7641627945297176,0.4182923091741732,0.5227668751972744,0.4004801372965414,0.8661837616725938,0.5291877272506122,0.660723183547252,0.5948987969849839,0.828096182390514,0.5142395603033787,0.3090833801045205,0.6804841723560187,0,4,1,0,S7
0.8683725623540612,0.766438654805904,0.406640414258328,0.5202021105934334,0.4003499534719845,0.8657950964662273,0.5971696073057357,0.6560133517710214,0.5945743325497578,0.8296523256818308,0.5215090365619484,0.3087046804195442,0.6789167102164875,0,4,1,0,S7
0.870017672748825,0.7433192733439707,0.4094638669380208,0.5241453985437466,0.3996433951363045,0.8627295056121347,0.5763859936441927,0.6614937899853,0.6010926603334023,0.8247693998137543,0.5028666368540962,0.305069606028984,0.6808235683257742,0,4,1,0,S7
0.873508590996487,0.7185489583829059,0.4172005240613877,0.4052260623705896,0.4008894165731126,0.862411896989509,0.5970581280948266,0.647691316067991,0.5971309009645577,0.8335410378784167,0.5810261180823766,0.3080497407486968,0.6812939333591093,0,4,1,0,S7
0.8739704417193623,0.6040394377635538,0.3550201637795658,0.3896895381091699,0.4017782903369951,0.8623684046375819,0.5475414339611812,0.6520761191429443,0.5999397844384929,0.8338259241093915,0.5196996041973188,0.3045819992755246,0.680986683940906,0,4,1,0,S7
0.8779268380367311,0.5576107604820065,0.3905779641575777,0.4857994402145509,0.4040025993993491,0.8628585043094624,0.6197508815181028,0.5854548851703323,0.6048691147122001,0.8599676628657404,0.5848229754651338,0.3164270972402169,0.6812716584051738,0,4,1,0,S7
0.8772708283453746,0.5421371698332528,0.3756607087418265,0.4868937400801147,0.4030824484620943,0.8633702547793419,0.5445245739133836,0.6780040366020156,0.6175849868411135,0.8072414002327076,0.5862988869408929,0.3079578984947222,0.6810908284621953,0,4,1,0,S7
0.8815117441089132,0.5661315468986529,0.3697314490000938,0.5404008005868002,0.4022152436754059,0.8632259956076541,0.5832655703258731,0.6188211798040717,0.6048468044728128,0.8545010286132133,0.7511130879357855,0.3067825552764347,0.6816378179162716,0,4,1,0,S7
0.8664379296780672,0.62956069158522,0.4633574501383238,0.5836729101992162,0.403557664891972,0.8624935882163194,0.4949805682858296,0.8429466252135821,0.6651711550377521,0.5526421253140255,0.2535069731061706,0.2731978827142541,0.6841510177875537,0,4,1,0,S7
0.8727053840472738,0.6209167233129465,0.4469612772804495,0.4601315731737244,0.402738030385761,0.863126897902276,0.6126269300149234,0.831451269785955,0.5964167250002174,0.6907516619174718,0.4878173312739146,0.3082966972133573,0.6824625296245402,0,4,1,0,S7
0.8452867685363696,0.4223123470644302,0.6121772013709903,0.5985642181000415,0.3345654822203121,0.8387206508734053,0.6540137630706668,0.9540743725457206,0.5635392860681666,0.5528829681057056,0.5436809787175713,0.098463188002248,0.8720719178169583,2,4,0,0,S9
0.8472456079208073,0.4283846794308602,0.599804496232411,0.5608028797264437,0.3311240725672472,0.8384586251550489,0.43098909728031,0.9583553150944876,0.5619323298754664,0.546971782950999,0.5468774108414058,0.1235488306576555,0.8721394605458201,2,4,0,0,S9
0.8533501644174937,0.437542370631268,0.589586627898222,0.5508589621671479,0.3285715930856465,0.8383066958742309,0.6453467259468907,0.957743593775464,0.5618264106776839,0.538956782518991,0.5467145738731728,0.1440303807559114,0.8738254746446494,2,4,0,0,S9
0.8477431797222132,0.4536421781560676,0.6012518658865884,0.6412264689696761,0.3304245024024438,0.8383920729043776,0.5218332003132463,0.9577723643124488,0.5618024476119597,0.5450715396988319,0.5522719462676919,0.1559444545696062,0.8716038780617207,2,4,0,0,S9
0.8476187624284044,0.4494507228111749,0.6023649444311774,0.6153116937067629,0.3305298903073992,0.8384398003755732,0.5135668993051713,0.95787552456736,0.5617151687006109,0.547575913108545,0.5527384458701557,0.1472907341084013,0.8721844190995898,2,4,0,0,S9
0.8532996529880478,0.4513549408802525,0.5899121961889139,0.5707680465557338,0.3326036175672289,0.8385367765122655,0.849276097191883,0.9567806807789062,0.5619941550410629,0.5520828949928551,0.5518405138463064,0.1448824640782037,0.8734028823252737,2,4,0,0,S9
0.8508494400327518,0.4495287304113668,0.5964906499452348,0.5340832171604402,0.3623472425695645,0.8382003548851228,0.564008737385796,0.9574027632227446,0.5615730465995802,0.5480992929959939,0.5417710110228657,0.1687333435848054,0.8704273514435745,2,4,0,0,S9
0.8541442275394169,0.4502229241891265,0.5895891237558076,0.7034004739632895,0.3652565455054297,0.8380683437421846,0.4994269560541705,0.9576240770184818,0.5620068021285358,0.5472747158813829,0.5471238281148874,0.1778184957964157,0.8706908198618051,2,4,0,0,S9
0.8514482347192137,0.455243359727579,0.5933241975494556,0.5176447447979041,0.3706180554818601,0.8376199241846267,0.5306025425922911,0.9576786081665296,0.5620684654462265,0.5506983628082038,0.5775323677855295,0.1842997849086691,0.8733078162300228,2,4,0,0,S9
0.8525369005794382,0.4554551590013597,0.5911024008096526,0.6767060257444752,0.3776297777758629,0.8375618811145771,0.5117751854238496,0.9571910877278744,0.5618077850338675,0.5511119229832131,0.5326214856302709,0.1925659331956616,0.8703138421028744,2,4,0,0,S9
0.8505711960027746,0.4527112108567915,0.596032646707233,0.6263001849373945,0.3864229535359343,0.837176163284616,0.5457666879495815,0.9580001004087468,0.5618978363634881,0.5387355202482297,0.5446340611305954,0.1984955198236582,0.8715903633281585,2,4,0,0,S9
0.8539246962215565,0.454576176370606,0.5878393333772135,0.5902412925845083,0.3871073028909652,0.8369357195104052,0.474725153212665,0.9585729499232988,0.5619282359017873,0.5319184707312575,0.5131907867643336,0.2007339751093355,0.8704996310844441,2,4,0,0,S9
0.8533651705387201,0.4569582365535573,0.5889425373233691,0.6093460735830999,0.3887238540746845,0.8368330388950842,0.5077127481924187,0.96074385958016,0.561844851663373,0.529219123980708,0.5499730652824307,0.2002149396393864,0.8704768967826902,2,4,0,0,S9
0.8566468603795285,0.4546285260616884,0.5821446429683047,0.6623984587343602,0.4023897914855311,0.8363576656760047,0.5875587476154069,0.9586471065679084,0.5621685161432715,0.537143554695565,0.5457829969599094,0.2061454686920472,0.8695927009549769,2,6,0,0,S9
0.855876639029138,0.4555641887276566,0.5857708958053297,0.6080540667959683,0.397875532620709,0.8363621341842639,0.5009554702483539,0.9576757088535182,0.5619732133262649,0.5369803117992782,0.5492036317729824,0.2111622483173005,0.8687889414674543,2,6,0,0,S9
0.8530881886518145,0.4602826346841687,0.5901653881993689,0.6197396071986833,0.3942648658029422,0.8359863991919035,0.6442911019005528,0.9582497195355092,0.5618880542769789,0.5357349695622281,0.5583494627520426,0.2065899427158418,0.8703004009773969,2,6,0,0,S9
0.8542803458759053,0.4561769027531885,0.5890106357239853,0.6794989163203582,0.4186467787288648,0.8355263329904783,0.5935179227738895,0.9598239888365062,0.5620622265822401,0.5335289445389505,0.5488161585839317,0.2263550659239414,0.8704145374241685,2,6,0,0,S9
0.8539775245525952,0.4538974323874599,0.5883696798364966,0.6350009811909776,0.4141798823604918,0.835482503579679,0.5380791711726609,0.9584866180346472,0.5620463119131242,0.5326132349697408,0.5516218587941413,0.212843512827183,0.869790126069622,2,6,0,0,S9
0.8553907247478875,0.4554196686811668,0.5853668219579218,0.6265427220859616,0.4128975400231973,0.8353580508709241,0.5785233987751024,0.9598439299232888,0.5619893327502007,0.5289466890826776,0.5461225621657756,0.2102465348620155,0.869901554615911,2,6,0,0,S9
0.8560404521310656,0.4541990684618563,0.5847540191716738,0.6113513945376063,0.4126377682237675,0.8353121773552828,0.5602283869807273,0.95961594520436,0.5617940421978801,0.5291819985578802,0.5426866756348392,0.2056100396536094,0.8696321664506774,2,6,0,0,S9
0.8558537915965571,0.4540746908512698,0.5830088657511381,0.6004578777577991,0.4136411659118171,0.8352835123501724,0.54929612647869,0.959358777008881,0.562039243264665,0.5306682788327025,0.5473840996790508,0.2051425171219128,0.8685355111002362,2,6,0,0,S9
0.8537933185635975,0.452771341601933,0.5897285161059381,0.6258004850062583,0.4163444641494668,0.8351688998670522,0.6029205318997384,0.9599408112287596,0.5616759251807569,0.5285180494029564,0.54401587539642,0.2034429924939504,0.8685650534283489,2,6,0,0,S9
0.8560336191751858,0.4545925595022047,0.58417752444546,0.5292947952460155,0.4173610681147923,0.8351001608995733,0.4996887902108761,0.9602473296219232,0.5624472150359465,0.528962538720164,0.5591696691210867,0.204405164060203,0.8685197434408107,2,6,0,0,S9
0.856320949819734,0.4516176020767175,0.5839316027701662,0.6038192440216469,0.4260267546859799,0.8350459683525983,0.4878115652112301,0.9621611414548076,0.5617882024877398,0.5278073993832835,0.5340189744764328,0.2066619298417443,0.8685740214559234,2,6,0,0,S9
0.8534667473712428,0.4533557812480155,0.5896529708850007,0.5892480581838985,0.4248185667125601,0.8347715829305454,0.5549248746643193,0.9638691322656232,0.5656926739549272,0.5192233227481913,0.5549039667405165,0.218184431490728,0.867421195125775,2,6,0,0,S9
0.8553963440549641,0.4526530336391832,0.5868326024686021,0.6497232746825493,0.4387662779894462,0.8346542608200765,0.5848602817331704,0.9622169226806172,0.5642094208216649,0.5243173246725426,0.4882519286807386,0.2418553812910262,0.8685094827413423,2,6,0,0,S9
0.8522230057434783,0.4514586659288011,0.5920247451011642,0.608457746425297,0.4362847356553372,0.8345900854355011,0.5542270935611686,0.9625478210925138,0.5653321829758847,0.5232975512232876,0.5736846034836417,0.2363755281017617,0.8668706197436389,2,6,0,0,S9
0.852749139524619,0.4667998316415515,0.5900599867897224,0.6277716211308277,0.4404349940632918,0.8346774590331679,0.4947753404279455,0.9646830319974776,0.5639429103067662,0.52099186794598,0.5485954076229752,0.2304395109066681,0.8682555461818195,2,6,0,0,S9
0.8492112003358047,0.4479030486036736,0.6003530443434588,0.6186588673407113,0.4484468981827712,0.8346393816383195,0.599892946905612,0.9635904247314192,0.5630534020422263,0.5217343908201059,0.5579925082440085,0.2248041037085978,0.8673137836626393,2,6,0,0,S9
0.8521073408885609,0.4487470416785882,0.592564737323825,0.6162987369456446,0.4448582902902355,0.834701607992697,0.4894865227583126,0.9643019583417364,0.5627113649746773,0.5248363119628529,0.5495923406875366,0.22045416640621,0.8672142690846281,2,6,0,0,S9
0.84638490219026,0.4044649201000778,0.6107634148163557,0.6012494298394072,0.940002812172156,0.8409561885107709,0.9213194369192004,0.4542610926528151,0.0422602678218778,0.4974646951833264,0.5866243581989524,0.6602153982967169,0.7473483105796876,1,4,2,0,S9
0.861289481611045,0.4882441626626113,0.4336213462576546,0.4546681725069623,0.945795517132662,0.8422016663447597,0.6218858154921424,0.6780771002395832,0.9301597049178534,0.2100355537006786,0.5619938632098456,0.6156149988065627,0.7425518006891888,1,4,2,0,S9
0.870465531590336,0.4606361968079835,0.4696089321854595,0.6614644763706586,0.9500969232132256,0.8427335139022658,0.4573566867393367,0.7275854924541743,0.7937360949565238,0.5780242659690449,0.6397208088268844,0.5992962590807944,0.7431353294571045,1,4,2,0,S9
0.8549808376217957,0.4279433987787057,0.4230062284785061,0.6313240601165978,0.9532202612123732,0.8435085623986533,0.5619955809595346,0.7203010575787764,0.5947266852191717,0.8649035216384062,0.4756468941986739,0.6721203954733781,0.7444124142980122,1,4,2,1,S9
0.8697862896244176,0.3929548113064559,0.4695887472557645,0.6038215265621586,0.9395186972988904,0.8451359075395286,0.5025200287227026,0.6988657619712213,0.59280449199917,0.8704776499219453,0.4977330252567105,0.6541391907512518,0.741375843159421,1,4,2,1,S9
0.8563469110757839,0.4176117585851577,0.5834423477091595,0.6108422499086341,0.9526319914818516,0.8460757203936486,0.5908765005508634,0.6956507319037736,0.5659836199225722,0.8752827792892506,0.5948769842269603,0.6711816814115619,0.7427188185776035,1,4,2,0,S9
0.850917445161584,0.4008477017105177,0.5931888690610279,0.630507012789208,0.946539405717892,0.8464337715022596,0.612222144158463,0.729800748092346,0.5615287705782189,0.8565760016497459,0.4736877814441667,0.6653156872708585,0.7425662533681182,1,4,2,0,S9
0.8538972057836308,0.3963251672039249,0.5879749769414656,0.6047266693595058,0.9402606348205098,0.8466727891568127,0.6102443600030163,0.7410792695924814,0.5609717171729741,0.8500598004246468,0.561720443410871,0.6657435486860421,0.741320049963133,1,4,2,0,S9
0.8583464339540747,0.3894579463573653,0.575471254186723,0.6078094715476622,0.9309219656162184,0.8470294616830881,0.5915047608601146,0.6994569635277079,0.5557127494798701,0.8787998264519217,0.6286770041820378,0.6603731449887873,0.7426255978332884,1,4,2,0,S9
0.8593128679136369,0.3990195223549812,0.5725281554470463,0.5472751616212101,0.9332802609952616,0.8477066308336672,0.4794245978787643,0.6826190140383489,0.5699446288381578,0.8855625770685953,0.4794294406824878,0.6596142421644478,0.7411333473505822,1,4,2,0,S9
0.8589447915157751,0.400492511734638,0.5729545609265468,0.638989029033424,0.9491679303813808,0.8480012671548526,0.5037744394853951,0.6688701135486353,0.5720539943920018,0.8911266198463321,0.5506317281352896,0.6564766594017515,0.742480823388681,1,4,2,0,S9
0.8587960312716407,0.3725687449788374,0.5688288891375521,0.6239517458304006,0.9499122131055198,0.8507502078688243,0.4871624869597076,0.6733968373759778,0.5887649931446355,0.8857796322060123,0.5431509029067927,0.6671634477836927,0.7424945835478481,1,4,2,0,S9
0.8623851308501083,0.3797401831624512,0.559920356569239,0.6364721855394151,0.953550484877174,0.8513268831208896,0.5744921283969436,0.6664967875690467,0.5920222504428783,0.8883096355292691,0.5130997446924769,0.6625681031252372,0.740907173261965,1,4,2,0,S9
0.8597230882889345,0.3720243827784075,0.5684188421295118,0.5904104040916776,0.9548989924063273,0.8515263497236154,0.5568643371311004,0.6567491923182661,0.5954607544735642,0.8916889258869358,0.5221874124113882,0.6599299865130946,0.7408707308361108,1,4,2,0,S9
0.8605433943500896,0.3915766135804042,0.568522350959173,0.5695965022623831,0.9531794254738936,0.8516813213930355,0.6230757010404979,0.676328412126425,0.5857222607677132,0.885884290051224,0.4904217930448138,0.6508317367689666,0.7407118487735234,1,4,2,0,S9
0.8621769415401008,0.3900007752116879,0.5642104900095857,0.6202089323538285,0.9585447733347794,0.851612867649488,0.5017016400047871,0.6635113406219211,0.586502030645044,0.890654532004358,0.5736658032493385,0.6451459156413814,0.7409179560972521,1,4,2,0,S9
0.8595913558506292,0.3610499853318667,0.5654953627028173,0.5811983995973012,0.9538487112933572,0.8516746661679684,0.6910153660528485,0.673772593365458,0.5940177801708275,0.8839777815835744,0.5913001352280175,0.6473678433160559,0.7414290294130059,1,4,2,0,S9
0.8562511072288919,0.3846259122950795,0.5807390085012538,0.6443838120459081,0.9569386037229765,0.8518144258943778,0.5203619752275783,0.6671810810302292,0.5938661797572041,0.886589417046227,0.5495452218927904,0.6334020836204026,0.7425489337053183,1,4,2,0,S9
0.8549896130008477,0.3845030449487459,0.5825301002948099,0.6031771105020831,0.9475059262991774,0.8518258348516357,0.6640270867780542,0.6784678475824759,0.591812745562898,0.882097015697887,0.5157093640922585,0.6267045454571532,0.74076862393098,1,4,2,0,S9
0.8541794849351709,0.3827425506947278,0.5841818329524221,0.6272099845093856,0.9446895167855068,0.8519558018897319,0.4912872172230044,0.6914658592303261,0.5914855004531069,0.8779048280428601,0.5230111304377608,0.6217867052944452,0.7406830138915259,1,4,2,0,S9
0.8714383800641916,0.3919632451093724,0.5099710330512202,0.6210993388305204,0.5771432702093691,0.8587076227949633,0.6165171270741328,0.6232826162026348,0.6070834196416673,0.904761439633561,0.5419828930125571,0.1244402444329065,0.640070500343889,0,2,1,0,S9
0.8725775578647685,0.3953059523599975,0.5091262186451546,0.6077491340692184,0.5769564311372225,0.8589861915013438,0.5139190528948042,0.6193695897532735,0.6049476720602197,0.9049170764261976,0.5420356695678338,0.1235725821207965,0.6401367582118351,0,4,1,0,S9
0.8711618902436036,0.3981527791416198,0.5066014961334427,0.6161604133707096,0.5770794157511651,0.858851851029632,0.6144362916555575,0.6181619803582257,0.6077675733391033,0.9053527180170606,0.533068183909333,0.1238134287780427,0.6400427944570827,0,4,1,0,S9
0.8722876438934641,0.3983209760903288,0.5108287651901354,0.6206582785348836,0.5770281238346716,0.8587777878820996,0.5922716904422619,0.6173818638756859,0.6062180418986273,0.905603626295186,0.5654133819298749,0.1230253696253536,0.6403186078746455,0,4,1,0,S9
0.8717756833400403,0.3983616756408936,0.5096539038568276,0.610815796976263,0.5761441176709846,0.8587612924313973,0.4800338241735802,0.6164705501125636,0.6071066686298902,0.9047433640459008,0.5470008534101122,0.1225860363170992,0.6412584733684131,0,4,1,0,S9
0.8723555110356552,0.3920257923564347,0.5101334458735918,0.6086310738140039,0.5736679833473204,0.8590935307742122,0.510298038643441,0.6190620309710227,0.603460331731443,0.9049595273379958,0.5333117563239733,0.1230794133829439,0.640276761111302,0,4,1,0,S9
0.8716995777586101,0.4023717134947849,0.5063694372806762,0.6176413546612703,0.5738770888635327,0.8592494531900702,0.6168728559812884,0.6281719807727181,0.5989624133961876,0.9049213689566116,0.4932864123376407,0.1229885893583819,0.6414498430825463,0,4,1,0,S9
0.8722672261277769,0.4031145449128795,0.5104194194971976,0.6132401494077298,0.5731765949193264,0.8595619160069713,0.5957644294544137,0.6211697438258478,0.5964340907375626,0.906879282023983,0.6669844223728928,0.1217031610570486,0.6412095742076493,0,4,1,0,S9
0.8719829694122103,0.4038783872255863,0.5084980814415614,0.6172036551292458,0.5726291268786932,0.8597653757447374,0.4891392649450767,0.6195174318586435,0.6012209131329674,0.9066420643537264,0.4249901193769319,0.1214900031140341,0.6400650098493861,0,4,1,0,S9
0.8711230053822929,0.4491289162756315,0.5148532218101758,0.6209900430356011,0.5723438873014447,0.8600313945981343,0.5870868534956661,0.6428656500408928,0.5873688388395174,0.8992491774587547,0.5185868105543945,0.1188125145099001,0.6389899959318117,0,4,1,0,S9
0.8242353843626595,0.5062659480876112,0.3718926381782836,0.6314022310111137,0.5848016659982345,0.8600283997468542,0.6057646849939164,0.6748504525894087,0.5989307029952219,0.8806713682311686,0.7012623787011802,0.1211181478374614,0.6413027173134792,0,4,1,1,S9
0.8419632058067836,0.3975148495853134,0.3919040079683264,0.6152010106827906,0.5959031953903327,0.8602992674070855,0.5154428049667531,0.6974339106242994,0.6905482789578854,0.827001205230878,0.5575407215546516,0.1247198172606482,0.6404227659357817,0,4,1,1,S9
0.8358555726463588,0.3933195380909926,0.3841808033800535,0.629266074175155,0.5956717244383054,0.8604795289317607,0.6085760798200319,0.6860339591490121,0.6941357075876043,0.844771811158312,0.5450214120570801,0.1249483913646007,0.6409417709923035,0,4,1,1,S9
0.8425626341934767,0.4143182960628323,0.3852533513728046,0.6152562258725032,0.5960398481245526,0.8607136027048353,0.5747264527629868,0.6995950279608525,0.6809937344296595,0.8230707283696965,0.5472020643610481,0.125138862408656,0.6391329210465181,0,4,1,1,S9
0.8134390434650217,0.528649831085032,0.3580173868567455,0.6046163005010283,0.5998120901771284,0.8609487222989922,0.5606345802511781,0.5588651838991643,0.6428764830013525,0.9367331568416566,0.6170874310726409,0.1227865093330732,0.6415064634521188,0,4,1,1,S9
0.8045077815021566,0.5402333947542959,0.3439170565094827,0.614525548610278,0.5999845761827673,0.8607322848723452,0.6012928987388042,0.8968321475165132,0.7179025353916744,0.4083957436219736,0.4568518506664931,0.1149621527177803,0.641146599551702,0,4,1,1,S9
0.8131255718688757,0.4895068075153064,0.3606886397314259,0.5972214428350259,0.5998580527010823,0.86061405955276,0.5259833040808801,0.8045271653475401,0.6936230409802342,0.5832569766009521,0.5213819516348216,0.1113867038690986,0.640113845207745,0,4,1,1,S9
0.7457438655004627,0.4513783593076663,0.2829687595093739,0.5527313452732171,0.6201417407635758,0.8600439444511181,0.6681890172696744,0.72663773412339,0.7715603815952481,0.7390724419616287,0.5641979393111486,0.1115161500949376,0.6411481099503025,0,4,1,1,S9
0.7779278164012008,0.5121215266522536,0.310403067962208,0.6069339355071394,0.6331447037475971,0.8598472825503848,0.4893755438746281,0.794293453580323,0.7304747079587636,0.7048228250694213,0.3361102102268889,0.1108651374496459,0.6401320480641534,0,4,1,1,S9
0.807505985126403,0.5209585167473234,0.3577267824972687,0.5496241898120175,0.6408987165540849,0.8592966102134031,0.5741223725224258,0.5775633878133846,0.6124515032611987,0.9176750366034636,0.5564679693551645,0.1191725212195053,0.6387396498394027,0,4,1,1,S9
0.8059392939748634,0.4995420671525237,0.3361803210059008,0.5969705734005543,0.6519593790168786,0.8594051854566407,0.3945465001002198,0.5849414616712483,0.5877950513120606,0.9169832086526256,0.6758283187554153,0.1215971924879767,0.6390389260523015,0,4,1,1,S9
0.7534883249023218,0.5131828686456668,0.2948591452801697,0.6526676347668126,0.6399189456354281,0.8594610893472044,0.439031187309398,0.6782274888609257,0.5121999399122195,0.8964430846836091,0.2944294372539168,0.1241188455307011,0.6400741673075065,0,4,1,1,S9
0.8551510195601815,0.5161834623972429,0.5050436218820136,0.6665182303164845,0.6527458495040346,0.8580381071532117,0.7196462338184262,0.7275650828581455,0.0527260971263203,0.2242845384558299,0.5830266026951875,0.125534299611605,0.6400888466454324,0,4,1,0,S9
0.8804551425955258,0.4374688478883938,0.4886996486785087,0.651950051616266,0.643808709012744,0.8575013157142268,0.5583685627412864,0.6460825018186271,0.0779558783604627,0.486902597956434,0.5413415610519472,0.1272870090077064,0.6400954902844244,0,4,1,0,S9
0.8660874067802482,0.5139443472571388,0.4728078072183216,0.6247166698792377,0.6391448192068513,0.8568991129202969,0.6844973250320687,0.5555620628133108,0.0612238415529694,0.5638326910165865,0.5109162770150039,0.1269411011809064,0.6402525657816494,0,4,1,0,S9
0.8634860967277379,0.5298112931885891,0.4454339377926144,0.5982206047682725,0.6379494990065706,0.8566380379483786,0.77985647581347,0.6058047837340652,0.0782138096826318,0.5298722837479605,0.5808272426840531,0.1257938747567139,0.6414567362295927,0,4,1,0,S9
0.8615769625428078,0.5602583227383747,0.4899745223600372,0.6150748114066501,0.6448145319322638,0.8565001797148453,0.7948841057568019,0.5343290742275739,0.0502183724850437,0.5765321832854241,0.5410324914836553,0.1261460920706456,0.641295437721919,0,4,1,0,S9
0.8623747448615678,0.5814689151127301,0.4453837725696243,0.63058999743332,0.6455144151792885,0.8564901968772448,0.4286327405472135,0.6794196496738308,0.1235267074318756,0.4478433165512881,0.5548620493929212,0.1276380733002063,0.6416537430866702,0,4,1,0,S9
0.8588501016840009,0.5381130973731499,0.4342147877636455,0.6064118122060049,0.6397705735997459,0.8562276007110251,0.6370174543144096,0.7344514501032465,0.1210197670435843,0.5305055017793229,0.5321665661683382,0.1277888771993443,0.6415122536337381,0,4,1,0,S9
0.8580839610815227,0.5816699715619353,0.435043897634203,0.6132219953703636,0.6540472008169516,0.8562411013104471,0.4951587918435788,0.8095137267666932,0.4696306571670599,0.7954529704555342,0.5324032032529635,0.1239690234658822,0.6437776991243724,0,4,1,0,S9
0.8556495246188575,0.5639852091332448,0.4263435166239772,0.6346913049993896,0.6896550565842204,0.8560290848547375,0.5338643986255925,0.8046434480564496,0.484256969748996,0.8022964547231226,0.5644480708251159,0.1313408136869939,0.6426728923030663,0,4,1,0,S9
0.8529056115547242,0.71449936567758,0.4571884559541957,0.6275475964046071,0.770819837375167,0.8552842700950837,0.4999334520749948,0.7572164844973742,0.7494625479462889,0.7313224145695912,0.726639628443666,0.2623372105258559,0.6427548260148813,2,4,1,0,S9
0.8381799163137846,0.7536797286564713,0.466357445042842,0.570204083239682,0.7728113546661741,0.8547090684999972,0.5319377655583277,0.874823130343732,0.6256979030082057,0.6278049220801062,0.5029326151167219,0.3200640187197743,0.6424121210479301,2,4,1,0,S9
0.7754692007221624,0.5466889735217229,0.6380525718554899,0.6227923464014178,0.7900248130108043,0.8536341545770146,0.5390269516489999,0.3363538863049501,0.03595110752204,0.4699547876161761,0.546059927922847,0.3415494577532776,0.6442543325887553,2,4,1,0,S9
0.8894768253906944,0.4312448523901733,0.4929462662021461,0.5229377514226023,0.7926730428349841,0.8532975903379061,0.673452518288137,0.7762523168835119,0.2718061246905001,0.6743074318196304,0.5260931292208649,0.3186748189263121,0.6451664164874518,2,4,1,0,S9
0.8338051046766026,0.5525675521668364,0.4178689147998431,0.5998796552630609,0.8390659236840763,0.8530770171642531,0.3505176076945306,0.6833938718465201,0.625579970356508,0.8426517520315914,0.6099819658289349,0.3152138664886514,0.6447522138597552,2,4,1,0,S9
0.8702659098503973,0.6065816867064922,0.4246040506274715,0.6469764572786424,0.8197844920240338,0.8515106624073858,0.5900565853021071,0.7382066437834026,0.3889675305347395,0.8772767949020698,0.5975856004590241,0.3092852022271557,0.6467895187072351,2,4,1,0,S9
0.8606036420624719,0.4752741420459827,0.4831005431099865,0.6283374644606085,0.823037712103715,0.8509055122994976,0.862960713775027,0.8023799203041627,0.3263806521362422,0.7024489970476283,0.5530937852187203,0.321898523398071,0.6478193424428644,2,4,1,0,S9
0.7437328181534083,0.4398663467843582,0.7348265199359794,0.5021638531242327,0.8317738105776364,0.8502323838212807,0.6985770526867603,0.968730056274059,0.4176246154878167,0.3907116573747508,0.484553245680509,0.3567238184994334,0.6476676810386869,2,4,1,0,S9
0.7003141975006385,0.4377852799686436,0.7602998163244742,0.6220639126016774,0.8457617548379686,0.8496034650524384,0.3540948029615684,0.9716596277966604,0.4378495997809362,0.4288737898478547,0.5182549919961945,0.3478095651054276,0.6465948703218507,2,4,1,0,S9
0.70079525556248,0.4400771438832244,0.7524572673496751,0.6355991458968826,0.8381809674894756,0.8494917523459548,0.3290774095001486,0.970880632941896,0.4415266776717092,0.4672306112782693,0.5869107901335475,0.3392760378764965,0.6464995329046446,2,4,1,0,S9
0.6835159081404261,0.4292464791348892,0.7662158537288469,0.6184210863148145,0.8346504096108344,0.8493274158241191,0.4265520717840699,0.967989570080956,0.4423467820314096,0.485657432415158,0.5556813792883722,0.3263086535696427,0.6478692913664642,2,4,1,0,S9
0.680958902046928,0.4200198979379962,0.7690116703030293,0.6190256905874634,0.8353353763486644,0.8493795642662522,0.4631560439782317,0.9671873883496934,0.4505947446295527,0.4966750781555231,0.5370454257315134,0.3240381526971879,0.6477982667860274,2,4,1,0,S9
0.702538512637206,0.4227711072387905,0.7536684032022621,0.6091563386496402,0.8321856223873407,0.8493703895631237,0.5734241076228949,0.9668550076752896,0.4566381178607143,0.5121365231484363,0.5411030154851415,0.3169345928563953,0.648935599639792,2,4,1,0,S9
0.6950423919966566,0.421839107001782,0.7590794266914992,0.6147854742010229,0.8306140914150532,0.8493279862719818,0.5490913626553922,0.96707233030983,0.4574279546572957,0.511356766621457,0.5450742318326591,0.3159403782442494,0.647829879615921,2,4,1,0,S9
0.6967587479008522,0.4250970002831061,0.7570775797660891,0.5971391097920105,0.8152656581004896,0.8496771479013958,0.5643664188948944,0.9698709367730408,0.4565056416398693,0.495706416359104,0.5708138591187908,0.3125704184420823,0.6488412862943467,2,4,1,0,S9
0.6975355221923337,0.4274203203513551,0.7575303824712389,0.5936305943018686,0.8214896233366026,0.8497421789577659,0.673690203094685,0.9681786589755472,0.4587873159419251,0.5047807695086403,0.558270571735819,0.3106474380533882,0.6489108786125674,2,4,1,0,S9
0.6955234084610723,0.4156677800897055,0.7583165999078072,0.6141979227579492,0.8218398544748375,0.8495663859413503,0.5021345621477529,0.9675674328610236,0.466625022327898,0.5131935328002935,0.5479963526013828,0.3075055284003767,0.6480210771351382,2,4,1,0,S9
0.6799194962344551,0.4201841602493726,0.7690496711349698,0.615710640026549,0.8207574945513627,0.8494215397214966,0.6440870683659197,0.9699435362067004,0.4688073555981155,0.5016644745229752,0.5240194478077305,0.3069370586418758,0.6467536302122338,2,4,1,0,S9
0.6850883542754889,0.421649327523123,0.7656599701675213,0.614537542159608,0.8137418790105576,0.8493228997785377,0.6401045872083161,0.9707013709331448,0.4672722850369633,0.502418985785751,0.5525045560362826,0.3026162268717682,0.6490095407278799,2,4,1,0,S9
0.6921625542826996,0.4341376265027814,0.7610540408400183,0.61366223202872,0.8116708296304411,0.8489702679246244,0.5490172149223044,0.9702554534569016,0.4701364170110405,0.5039665965124374,0.5428393211930815,0.297998119067979,0.6480258884207514,2,4,1,0,S9
0.6724655371198075,0.4171472393941589,0.7737316955789264,0.6154414846645883,0.7990013268977655,0.8482756525769053,0.5222918019041042,0.9679668858778075,0.4717009206223784,0.5061308422932058,0.5449887481228132,0.2909549520750639,0.6502515238081283,2,7,1,0,S9
0.683678607843997,0.4203316718456912,0.7662253965093473,0.607545120732158,0.7961241922850616,0.8481960275627095,0.5731251931705366,0.969763736438748,0.4693475297151587,0.5021623510218252,0.5354733335392374,0.2909040630964081,0.6506011890058758,2,7,1,0,S9
0.6829869271609811,0.4151107995581897,0.7669448237705112,0.6169259663944381,0.7963644994383157,0.8480886882898414,0.5209789917456841,0.968921908581408,0.4710198490612884,0.5056282695236156,0.5465401118186188,0.288269657262961,0.6490992307935948,2,7,1,0,S9
0.683844983565267,0.4294018566601789,0.766621426629742,0.6045995213601559,0.8003697803704355,0.8480083502158169,0.6290971215524764,0.9689942992196282,0.4668315189824568,0.5027731153363569,0.5508928680548059,0.288672030565711,0.6504193779115274,2,7,1,0,S9
0.6775648685810016,0.4200726565523744,0.7713069365029874,0.6169966092091921,0.7985279274965418,0.848050087984452,0.5528605218117914,0.9684360391630767,0.4705330616934536,0.509707021311655,0.5498032677822906,0.2897212650731529,0.6504714754950562,2,7,1,0,S9
0.6756586416628997,0.4126969366208776,0.775585155569914,0.6101363515497312,0.7809998428439087,0.8479605752072994,0.6503195467417955,0.9697452733445152,0.4703280552723524,0.5184414333069067,0.523295999219528,0.2830940020774719,0.6503805594976125,2,7,1,0,S9
0.7904321522105069,0.4423533882730178,0.6782835937922398,0.6342867750014742,0.7892077678678172,0.847900440495086,0.5956642784327796,0.9616844542766154,0.4387566830865994,0.3232544146338068,0.4762406432717579,0.2986792319703245,0.6503598519819089,2,7,1,0,S9
0.7370810835961547,0.3932592011898003,0.7285030887638106,0.5944127002214301,0.7940343432010234,0.8477400020336463,0.8471840025837973,0.9661520272359042,0.4463797830880144,0.3499904179468283,0.6513987959214916,0.2988584329629784,0.6506376739164452,2,7,1,0,S9
0.7243716720769737,0.4163034370917863,0.7367356182578131,0.6111921114639925,0.7985492343832263,0.8477064406843796,0.5572371357240757,0.9713200072094732,0.442938019398239,0.3805172638820406,0.5166404416161035,0.2984020976248523,0.6517133220092043,2,7,1,0,S9
0.7293362642632426,0.4067151978195826,0.7334824355784977,0.6137986644336277,0.7993746693859044,0.8474870084064522,0.3800041665394324,0.9745096085847142,0.4500375763914984,0.4122166689921877,0.5704278069523646,0.2970229764253633,0.6517027216749777,2,7,1,0,S9
0.7055354291271185,0.3986025189962532,0.7506043584975343,0.612945786282702,0.8001772247412962,0.8474278719779987,0.44287634556884,0.9737032447850784,0.4517319907962388,0.38513400887799,0.5297150559983183,0.2941275581834013,0.6515183252662937,2,7,1,0,S9
0.7068641745232577,0.4048392858881217,0.7504074987728869,0.6224989381379316,0.8004825873255388,0.8474351451882508,0.6030808217604751,0.9739401763656216,0.4520055470508229,0.4053987378598338,0.5549665234239598,0.2955466929276038,0.6505483101284147,2,7,1,0,S9
0.7077099597874356,0.4054614462209585,0.7499706117559903,0.6092628554527797,0.7991929529758589,0.847276845906297,0.682861815297908,0.9763959126947304,0.4547972733819773,0.4038452565874829,0.5518371882981578,0.2941865013599642,0.6518429388468383,2,7,1,0,S9
0.8707028360031859,0.3923249754511642,0.4775506965888196,0.6055185146505772,0.6723432509935556,0.8543998857583078,0.5386887242525967,0.6048005067145791,0.5918216904108184,0.9143563025299052,0.579306398156532,0.147414724170733,0.6803217376547884,0,4,1,1,S9
0.8708609099205044,0.400475564422327,0.4782742854516608,0.6175224581775148,0.6699571635519361,0.8550445869180235,0.5324379541104687,0.6078317809165423,0.5945833584998478,0.9132259653143988,0.5256460262012943,0.1480610413157692,0.6814020154331603,0,4,1,1,S9
0.8710014446570282,0.3994594758391279,0.4776323581476221,0.611077733905683,0.668339636671192,0.8565859370435672,0.485088580439785,0.6020528707385552,0.5987664777738845,0.9134219947604604,0.5373992024649352,0.147029775528661,0.6814059876882492,0,4,1,1,S9
0.8690526496556957,0.4062879090397954,0.4671216432430494,0.5997002572488294,0.6681778545120729,0.8576955532115428,0.6618543823995416,0.6010938879725362,0.5977279133558756,0.9133829080561356,0.5528365453147189,0.1462981834980647,0.6815595870233623,0,4,1,1,S9
0.8766736802007064,0.404987935311233,0.4975699064440896,0.6193364038511182,0.6660831515233712,0.8587090964519424,0.4609994048364648,0.6146132711558597,0.5933003428697584,0.9097764948602336,0.3698859919353534,0.1450097727761778,0.6815054588144569,0,4,1,0,S9
0.8723003312968293,0.4159492704431353,0.4723512263242551,0.6180437223199415,0.6667974798204981,0.8590503668859197,0.5080890231185813,0.6161246812937107,0.5938362518366843,0.9089980111225526,0.6273403820413294,0.1452419657866203,0.6839324537198126,0,4,1,0,S9
0.8704352170257224,0.4393950085734963,0.4718697288962648,0.624251586174759,0.6781629103219473,0.8590953371924446,0.5492541399227138,0.6200123846926786,0.5993997545425699,0.9048596853634732,0.5367711672187719,0.1459543256308162,0.684031689767522,0,4,1,0,S9
0.8582717556370862,0.4317462108720069,0.4312155250068237,0.6552123169088527,0.6803627264416559,0.8592213586328226,0.6645500659695093,0.6155168683220972,0.6005878848816337,0.9081591814920184,0.6085707743060007,0.1459022865958863,0.6842179290039818,0,4,1,1,S9
0.8694433722971138,0.428874738358837,0.4713245806209211,0.6141275382330026,0.6739109716541751,0.859594574147122,0.4796772170066914,0.6167187034648658,0.599174994512809,0.9074243941999058,0.5490267223502259,0.1465813385096338,0.6842041655313377,0,4,1,0,S9
0.8719188028580667,0.4299624292929822,0.4759760882096167,0.6134985765841521,0.67318275740649,0.8594951736070126,0.493365237757157,0.6132222011100024,0.5995071437849412,0.9087498153285934,0.5454068264992731,0.1477142726113086,0.685266809266071,0,4,1,0,S9
0.8716263538597564,0.4268131081832053,0.4784297814461868,0.6127671552695871,0.6692130749165099,0.8600092897434471,0.5464291535233079,0.5862350283067728,0.5990267163139835,0.9199245392390264,0.6213148379740424,0.1464177175590017,0.6852751740345793,0,4,1,0,S9
0.8711012775887952,0.4242435120987008,0.4723982701345534,0.6122681932858117,0.6679309999890328,0.860466979078777,0.4985335849095593,0.5934564586695794,0.6069536217903125,0.9138284047734272,0.4704174999907421,0.1474039370594934,0.685270265705228,0,4,1,0,S9
0.8704935217382902,0.4275071813264658,0.4712434767849989,0.6144716751834208,0.6680093917299548,0.8605609128268671,0.5691635589807339,0.5911465398351743,0.6101214664352217,0.9133932483095144,0.5738963376700099,0.1468093724339434,0.6852819926647609,0,4,1,0,S9
0.8716970764711158,0.4278793869011538,0.4736956996386354,0.6120295020351781,0.6662723666611657,0.8606945877760722,0.6136919853977347,0.6008285175451172,0.60464805915039,0.9132865949389626,0.7457995183491691,0.1477648258800185,0.6854255772143336,0,4,1,0,S9
0.8714416365115862,0.4187166645831753,0.4760895634576346,0.6182771558722645,0.6659424189911186,0.8608351080996324,0.6036897435140863,0.5889279720628389,0.6113093110222393,0.913759782205125,0.505097401951385,0.1464886436773127,0.686430753408671,0,4,1,0,S9
0.8708637424181843,0.3990627108146924,0.4722138074339386,0.6039039075347304,0.6649210869405697,0.8613798858086975,0.5058129248832779,0.5914670735451819,0.6259120092946443,0.9089340158684652,0.6304763054897877,0.1461454344839098,0.6879900527361889,0,4,1,1,S9
0.8584512859605126,0.3817872426364753,0.4313536870450121,0.6203292767309121,0.6644448475508593,0.861442635073616,0.4577846930066038,0.6066637166048777,0.6291807797396188,0.90618532023436,0.4536326119920634,0.1450536177782229,0.6875804998846123,0,4,1,1,S9
0.8537455283503675,0.3819045172198715,0.4161083821835125,0.6079397047678374,0.6652966367450169,0.8613515535648403,0.5078569013878038,0.6024215242619022,0.6295242274784637,0.9015945139666364,0.5595092819952656,0.1459881170973478,0.6866276955666751,0,4,1,1,S9
0.857038805130625,0.3866958954915371,0.42579366527078,0.6091466115134792,0.665068751379136,0.8604693559448724,0.5050661961336845,0.5741393495075549,0.6250958826425973,0.9325277370782726,0.5720874696196142,0.1449534384411503,0.6878501329719491,0,4,1,1,S9
0.8451131879101882,0.5337811522970397,0.3994911061018008,0.5989521469384631,0.6816883976270935,0.8591684495935392,0.4074400995136554,0.6419013376692019,0.5875138180926478,0.8965246071764683,0.7049540956804003,0.1432901931344328,0.6865530825161305,0,4,1,0,S9
0.8315505173509827,0.6028157724321312,0.3916381532333249,0.6424846744507878,0.6808381825250522,0.8592112331832564,0.6034258583538503,0.5805938504262809,0.5002310790729868,0.9330050734704384,0.613023891828838,0.1462115170889025,0.6867187626369466,0,4,1,0,S9
0.7971999033121777,0.5004049314505825,0.3306158723532607,0.5787470388367245,0.7062894733793481,0.8593215197700828,0.542960988863657,0.8113591423292126,0.3920648030146542,0.7776645147506422,0.561491359940939,0.1458843356938389,0.6878140830920478,0,4,1,1,S9
0.8338657737502823,0.5005071066690587,0.3782247323282693,0.6184766047274667,0.7441872241484104,0.8593332614885941,0.5633033409698179,0.7443247574282076,0.3703998438310328,0.8073840232339294,0.5235121482679184,0.1634211710626525,0.6908076760481203,0,4,1,1,S9
0.8530540330574959,0.482270117276156,0.4058056940603664,0.5303855053029163,0.7558108927719653,0.8593873114236035,0.4362930350981512,0.8701524619840215,0.3821258936806612,0.6917914597031171,0.5650696945212983,0.185770417804494,0.6904598381532671,0,4,1,1,S9
0.8176880897697976,0.5298551953769176,0.3545192312210552,0.5638811752722973,0.7829528059981474,0.8592231175137331,0.4788245823880039,0.9191798585297076,0.3807634457156443,0.5956212807092948,0.5561830662406393,0.2149285823365191,0.6903623409370856,0,4,1,1,S9
0.8083109115980518,0.4914612793121223,0.3554584697245155,0.6880217704612459,0.7859141828215912,0.8590826447274951,0.7084080637561508,0.9596241220625604,0.4010650984232092,0.507138099573144,0.5508852448757239,0.2434199945599988,0.690690974355178,0,4,1,1,S9
0.7799789461080591,0.6465226662136371,0.6447370738210454,0.5417885200172606,0.291847511702751,0.8417277703529099,0.497806109483792,0.7714007060441186,0.5371708887056973,0.8068005069268549,0.4574165368195569,0.1726487506183015,0.8969423216766192,1,4,0,0,S5
0.7745497750567661,0.6482641145032666,0.6511421532697865,0.6023152817016666,0.3002140348799493,0.8419424511260875,0.4944956114467141,0.7709450828267893,0.5372666882446695,0.8072520983112869,0.4564811504931236,0.185333837498715,0.8944486731138597,1,4,0,0,S5
0.7742036806291757,0.6489761477412604,0.6521725060177896,0.9613909292049918,0.3243370612356063,0.842083278655978,0.5423795390593719,0.770848781634471,0.5372919978894256,0.8073036435388652,0.4580058718093553,0.1877983145428367,0.8954666301016119,1,4,0,0,S5
0.7750025592890374,0.6504847953204058,0.6504483411486655,0.3686731921008287,0.3552400146606059,0.8423667967665274,0.5332619991516394,0.7708266828212168,0.5373183317979265,0.8073131627318351,0.4621063905233981,0.226287787566015,0.8920794896888903,1,4,0,0,S5
0.7771235370972016,0.6516454370872411,0.6482151722938684,0.3624351952000898,0.3692863169616353,0.8425339936303726,0.5723635034268922,0.7708375436254693,0.5370592299046718,0.8073131627318351,0.4574663117029185,0.2380710115101122,0.8916339013710611,1,4,0,0,S5
0.7722445637458252,0.6510428629525824,0.6548950707505172,0.8505582850904745,0.3755100801277312,0.8425827195735506,0.4203909643497757,0.7708206977178166,0.537260217713142,0.8073131627318351,0.4570146475090856,0.2496298693628945,0.8918804782085263,1,4,0,0,S5
0.7865597869299926,0.649251751148526,0.6344875417199471,0.7924735946988437,0.4366271547708033,0.8430900426289899,0.5864423671092525,0.7709279459086266,0.5372917805391366,0.8073289800076279,0.4503128859973433,0.2729760048101642,0.8883868891718648,1,4,0,0,S5
0.7797755973893515,0.6493457939099787,0.6449437363357295,0.5695336546744595,0.4243521618914918,0.8432940228028817,0.6200188763904477,0.77106765616496,0.5372937780940055,0.8072874229182466,0.4617995986687615,0.2701566685798643,0.8886763062893679,1,4,0,0,S5
0.7820295982697667,0.6495078875332563,0.6419057127184038,0.1542927382480245,0.4346081080333174,0.8436271744967268,0.4144072810721891,0.7700854582047156,0.5372930671915787,0.8076229975720527,0.4563010946219927,0.2887308514911187,0.887128539046185,1,4,0,0,S5
0.7790571764525139,0.6507153764540113,0.6465589533091395,0.4407082505404784,0.4570801916652784,0.8437026041675872,0.4627781214422686,0.7696411057690348,0.5372930671915787,0.8083428355687282,0.4583911125265852,0.2927006108570527,0.8868112807776719,1,4,0,0,S5
0.7808393491714283,0.651077416984309,0.6421533313087111,0.4405577121325912,0.4465922345152678,0.8444470123759596,0.4005573796323578,0.7656713823912586,0.5372930671915787,0.8106337216681149,0.4585619484203189,0.3042214069922556,0.8864414274556922,1,4,0,0,S5
0.7866135121347283,0.6511520075778965,0.635022011933868,0.3379940162732769,0.4477245450920625,0.8446674256130403,0.4119278608743865,0.7660242171218937,0.5372934752662355,0.8102685541055645,0.461379342579887,0.31896205557063,0.8842272630551377,1,4,0,0,S5
0.7845562570527731,0.6504003663419237,0.6373921244927226,0.3192758012070337,0.4717116964434528,0.8448333326725075,0.6348062684648782,0.7684874523682041,0.5372920555077152,0.8087407331266279,0.4538615885671999,0.3311786971580432,0.8851274435195728,1,4,0,0,S5
0.7805424869320721,0.6513713665541614,0.6445371954803231,0.1671770258639893,0.5214163316506425,0.8454837284728662,0.427083236484308,0.762964812331581,0.5373041593445558,0.8143641201229401,0.4612054533342783,0.3644361214468398,0.8840532111995701,1,6,0,0,S5
0.7836318431514881,0.6521533744942392,0.6386054966196083,0.8124282730204426,0.5422826761949894,0.8457783771174946,0.5443455297585922,0.762945811238932,0.5372753962954053,0.8117297814880274,0.4602252239877561,0.3863680936717112,0.8841079753496833,1,6,0,0,S5
0.784167952551198,0.6526778511442898,0.6378904918874797,0.6043041629251078,0.5026726808756665,0.8464626422254149,0.4443528377658735,0.7628391607959755,0.5371941591306532,0.814710237306612,0.4575017506326183,0.3632013469181532,0.8840843111085633,1,6,0,0,S5
0.7889649911815925,0.6500723184005232,0.6318624531119206,0.5846067425314387,0.4966865915090878,0.8466275938742316,0.4212898676319797,0.7620870200599377,0.5370839962428854,0.8152355407172716,0.4583887706297362,0.3736002442727096,0.8830121527420656,1,6,0,0,S5
0.7786369962111697,0.6470050015804574,0.6474990585943641,0.5084591806730134,0.4829843727913194,0.8477639115314579,0.4740064141651063,0.7620828289588157,0.5372380403554428,0.8153396955354625,0.4560616163848031,0.3615931037558858,0.8828919851238022,1,6,0,0,S5
0.7850722575505218,0.6470553389642196,0.6381719424521998,0.425560058775761,0.4793991822576421,0.8483199605300753,0.5179167789814365,0.762046840954,0.5373115668619127,0.8151409031622217,0.4610730561268534,0.360434739908763,0.8827380191380994,1,6,0,0,S5
0.7905200299429703,0.646772695813385,0.6275729917080721,0.3606298265968199,0.4951247064201468,0.848842092450598,0.716516213161393,0.7620741044506433,0.5372830953764268,0.8151515974311476,0.4534311464113788,0.3722482352528591,0.8828562660870193,1,6,0,0,S5
0.7861787700182729,0.6476754162343212,0.636827880808307,0.673087810000064,0.5069257320665082,0.8492404986918757,0.5837387890387005,0.762048351195633,0.5372994381571077,0.8153508258976708,0.4587795063631777,0.393772874245323,0.8806141092661328,1,6,0,0,S5
0.7892372497614744,0.6459842628767837,0.630844726916014,0.6053945731528599,0.5011100701715727,0.8493404346459226,0.4016385936932962,0.7620799785676541,0.5372887204596193,0.8152762025819429,0.4586832218556596,0.38804151450292,0.881228061558978,1,6,0,0,S5
0.782945647344032,0.6474446368262835,0.6407054652848955,0.4989182014165424,0.4953514000124448,0.8494146222829375,0.3810312352808919,0.762032871782767,0.5372960650304406,0.8153181949150237,0.4583702081816498,0.3825853271526978,0.8816284865206488,1,6,0,0,S5
0.7791405796085614,0.6468805875977314,0.6449310397685151,0.2963344366177836,0.4987007171892432,0.849440657223165,0.3957985638550795,0.7621153414689913,0.5372910518592066,0.8152911909682488,0.4597263706700669,0.3831781208246778,0.8803719436599455,1,6,0,0,S5
0.7772027265474998,0.6466864031616731,0.6502169056979075,0.6866674537519015,0.5105284590576903,0.8495768032408674,0.4145971262406686,0.7618998789860123,0.5372944902217955,0.8153082939757245,0.4568977657201554,0.398354201708086,0.8791680858462143,1,6,0,0,S5
0.7887471055615508,0.6445745929435167,0.6333151650801507,0.408247683367666,0.4934576928831744,0.8501325656162897,0.4033653024332265,0.7621202671000163,0.5371449489575318,0.815351307086324,0.4554036109556507,0.3825188122954899,0.8788944911729174,1,6,0,0,S5
0.7870872848327352,0.6482565885558158,0.6342518993804808,0.3752739509182156,0.4946383452618829,0.8499206555339988,0.4465569035817495,0.7611288337615842,0.5375903026189238,0.815695558073325,0.4569476430172079,0.3708937218544589,0.8771465825260989,1,6,0,0,S5
0.7821797907982946,0.6451956424428679,0.6423650915137977,0.6418241106267472,0.5036077437970128,0.8499326937081958,0.4276126698583817,0.7637150315796678,0.5371432782186514,0.8146197320087099,0.4633580709198356,0.3931832368282529,0.8764132124571492,1,6,0,0,S5
0.7860654110957073,0.6425658701001979,0.6372224868525557,0.5828784657128521,0.5240971498707865,0.850085750494413,0.5335645456103831,0.7655029586550575,0.5368738012353431,0.8134722939210987,0.4691243635433302,0.4141814440749647,0.8774136245578814,1,6,0,0,S5
0.7835460948781926,0.6475109667122937,0.6369236791964484,0.6106118887131542,0.5098456878826614,0.8503264662078177,0.5084410584708555,0.7542777406941995,0.5381698705509561,0.8179926689835022,0.4344966473806146,0.422555020733298,0.8769304317909712,1,6,0,0,S5
0.8172942875440318,0.6845567069942227,0.5787921871756699,0.4637699787140663,0.4923139980795937,0.8506885668443747,0.399400714003496,0.7171729401782843,0.5457430050383021,0.8491256750822419,0.3945257765475521,0.4035055276204898,0.8763385112900187,1,6,0,0,S5
0.8519902115464789,0.5957351367080921,0.3507993995443256,0.6334522956271669,0.4957318411255612,0.8500943014197355,0.3622149347269437,0.739327020202973,0.3476845215443876,0.7798309895491539,0.5310057027985519,0.4533816449557418,0.8750669261872289,1,6,0,2,S5
0.8400253031768367,0.6804128850689919,0.5211676268213902,0.5218766344147371,0.4828418819219087,0.8496866754656803,0.4343211076619841,0.678835094622435,0.5963409346693815,0.8172834480074238,0.5801122403320886,0.4521882588732677,0.8736972485494284,1,6,0,0,S5
0.8256092358258127,0.6126793099985521,0.5621872717695653,0.5180183402546796,0.4791719934474723,0.8489739391203734,0.4619216239809808,0.5569828248797133,0.5402810962780741,0.9220852765844056,0.4540854183896109,0.4180290616227348,0.873986871793463,1,6,0,0,S5
0.8398681135425613,0.5926309480177554,0.5254789373805002,0.534533949380956,0.4782147534994503,0.8489550219894925,0.48994889103783,0.5734971244519007,0.5418679833063507,0.91535423117787,0.4503848568041229,0.4161466905793729,0.8711263685905195,1,6,0,0,S5
0.8474318536738855,0.5795893863514736,0.500730460147109,0.4537226083389892,0.4784776374374204,0.8489992575026127,0.5566696247966259,0.5784762802314343,0.5458176444476223,0.9116520055226998,0.4573086074095149,0.4178954913647366,0.8713850610054541,1,6,0,0,S5
0.8296545842417615,0.5944827337405001,0.5652039306365961,0.5360589882352966,0.4765439633516935,0.8492297980925894,0.5191400549011672,0.5636193970462867,0.5612660996317141,0.9163807109799522,0.4662281150711817,0.4179051140573492,0.867360190583386,1,6,0,0,S5
0.4692943336172298,0.6880121608228607,0.8933918977036972,0.4934241404745526,0.4395804538226775,0.8444906746426897,0.3977789194600515,0.7856716496546,0.7908560125606561,0.2278722448903091,0.4537831057665271,0.1857691986098391,0.8597366206560189,0,1,2,0,S5
0.4671261668632828,0.6905102907771133,0.8945874471792457,0.4632725237441785,0.474495157156607,0.844445770342114,0.3441245243129283,0.7809828926475408,0.7862897461504035,0.2165213705917676,0.4613988985479412,0.2002273081817273,0.8568668994098231,0,4,2,0,S5
0.4471065733000502,0.6931666111129924,0.9051847117621504,0.532840734818758,0.5024132890735744,0.8443598789246299,0.3209564255504819,0.7862396184857272,0.7831248487820966,0.218351271286258,0.455917713582295,0.2090690843721097,0.8564404183620049,0,4,2,0,S5
0.4930734397802531,0.6909154369970192,0.8803943610112905,0.6774850196489132,0.4915658084013229,0.8444297194431847,0.4738239426835617,0.78476163102173,0.7825454892992914,0.2141622101564791,0.4539923532122682,0.2104093767915769,0.8566006007692013,0,4,2,0,S5
0.4996122228063056,0.6868736921544693,0.8767401668100323,0.5021097046161038,0.4730036932906913,0.8443347516245205,0.5748419627504052,0.7761320056317614,0.7807549016412075,0.2007221193725496,0.4607905397974982,0.2010657579504447,0.856565077909363,0,4,2,0,S5
0.4507163908943147,0.69119952379232,0.9034647407089677,0.4677341476116109,0.4644997638372808,0.8443879679977561,0.3839506325794365,0.7746688169827364,0.7759046048973179,0.1973966571754402,0.4590165134821741,0.1899255837915088,0.854623349856001,0,4,2,0,S5
0.5052669553002833,0.6874701262356441,0.8735123894849424,0.4792086394986139,0.4720951040148363,0.8445147987616157,0.5058379187564321,0.7741509429445061,0.7755988285807881,0.1952273755097421,0.4582953317610744,0.1910407216340563,0.855143706171683,0,4,2,0,S5
0.5109715982272591,0.6918246318475689,0.8701499958986869,0.5904395051287589,0.4704822046269165,0.8444546556611641,0.6600424369072753,0.7698604686362231,0.7743651885605931,0.1871873452824223,0.4577578570815538,0.1920254962100155,0.8553101641331686,0,4,2,0,S5
0.4779066137877296,0.6998809905813753,0.8886770689615386,0.4930674490576159,0.4645567991609219,0.8442331914723674,0.3310670036324482,0.7608762443899189,0.7599062891139956,0.1604104150913515,0.4656141154303705,0.1893486429587099,0.8536051048867352,0,4,2,0,S5
0.4616544244023594,0.6937917915733,0.898037776621017,0.5293190939797644,0.4616319743666275,0.8441807871981852,0.401913621474075,0.7509411876423743,0.7549379723052552,0.1459502773435858,0.457896105633708,0.1900443223700704,0.852099625417853,0,4,2,0,S5
0.438767754531786,0.6890461318887958,0.9097876693173008,0.7533604239027066,0.5072368484430401,0.8441082237592763,0.3232274415608285,0.7467244238233688,0.7552760100895912,0.1432128011984033,0.4389059746317781,0.1943197671345256,0.8521487820753805,0,4,2,0,S5
0.5122264381967386,0.6882263088008398,0.86936119603093,0.5495260549466577,0.489297868223925,0.8441199753102778,0.5239396069593794,0.7462106098358936,0.7534591330854408,0.142198076591105,0.4884764459187167,0.1870525942967685,0.8509149308687906,0,4,2,0,S5
0.4710343956906865,0.6884223918625453,0.8919869305504367,0.554948394171071,0.495295324025326,0.8442308029457414,0.4835466247415123,0.7478433502302014,0.7503240263704056,0.1393733017073397,0.2586361902012709,0.1786111072999923,0.8508865764169724,0,4,2,0,S5
0.4842764400135093,0.6897070341836469,0.8853310653620468,0.5153048617664052,0.4819928625918978,0.8442394016415963,0.5005945948949235,0.7454348693562471,0.7525096954646544,0.1405976008727667,0.5123819195796296,0.1744468243267193,0.849919526336221,0,4,2,0,S5
0.4652388648544767,0.6899184331208916,0.8956214080917211,0.5004849572346567,0.4790784609360318,0.8442722677679748,0.3878488180516192,0.7508859755506604,0.7500918663608653,0.1429194051856518,0.405710236470247,0.1710753406699828,0.8504588840352438,0,4,2,0,S5
0.4295485305488802,0.6746813678341451,0.914756258323158,0.5236004750628914,0.4813111358531196,0.8444340665616445,0.3295686867072007,0.7274646661930722,0.7461953173351317,0.1185764378219793,0.6060603208648623,0.1756123945898925,0.849820109423428,0,4,2,0,S5
0.4682096701248587,0.67415469345034,0.8940232860906026,0.542055301657423,0.4796563693557488,0.8444069328991693,0.4601304141776774,0.7235814747482493,0.7412854169780534,0.1107683637230365,0.2656693969294318,0.1728177648695884,0.8504332179575119,0,4,2,0,S5
0.4673609755338614,0.6791058025433105,0.894440568667688,0.5041742785190092,0.4788576862731569,0.8445374897645663,0.4351374804312874,0.7293313155000674,0.7437964436859549,0.119394127950649,0.3911553521410388,0.1643346645873888,0.8505783292074394,0,4,2,0,S5
0.4344333426556511,0.679993783885094,0.9128417061023546,0.5431989158839297,0.4833793111394736,0.8447312948150292,0.3695232256744846,0.7203041095023379,0.7468026715749847,0.1123034902230475,0.5332752282169135,0.1710588895225051,0.8497602695342981,0,4,2,0,S5
0.4700246653948014,0.6810008324469126,0.8925959381782833,0.5355829262639472,0.4797059463588671,0.8447941608358353,0.4640577666919444,0.7224753001364856,0.7442963615662791,0.1138488844117777,0.3983515838227713,0.1731813730905801,0.8504694545515787,0,4,2,0,S5
0.4946253703962093,0.684400323618075,0.8798453271958386,0.5045895554998078,0.4742714433498102,0.8447673615670875,0.6095814450951014,0.7223720537285712,0.7390546184217914,0.1064321982199667,0.4727621541791069,0.1669095384556292,0.8519886623667832,0,4,2,0,S5
0.4486618557564664,0.6814057201566522,0.9069612441195344,0.5213654161349313,0.4721251625379616,0.8448972974155615,0.3888627601373612,0.7177741991112467,0.7390592788681609,0.1000861844725341,0.5107723805525631,0.1629356702263043,0.8518295581608181,0,4,2,0,S5
0.483816253843887,0.6694234778897531,0.904507220856728,0.508127737516246,0.4694519980463553,0.8449587303203916,0.5305202520170013,0.8500539843101228,0.7226517712846114,0.2325008953565918,0.4259604474053711,0.2260573243530665,0.8520908540401277,0,4,2,0,S5
0.8229109395773402,0.7891862691690804,0.5629692291432036,0.5031793597472725,0.5546375903019527,0.8444258500300499,0.6177538111691213,0.7939957217898217,0.5669576181604804,0.8072008997088458,0.3176988590997526,0.2602352256844569,0.8518130608989457,0,4,2,0,S5
0.8370200292218272,0.3663595888799404,0.4324050521687568,0.5394453532673237,0.5544989130084691,0.8463599355804816,0.6604279361354588,0.3850727487691898,0.5585883564457328,0.872048871553033,0.3976853843142037,0.2639267071538495,0.8509319920996068,0,4,2,1,S5
0.8037034150730915,0.7200175138300597,0.6145534549737994,0.626290823677507,0.6618651255266013,0.8445949577151964,0.5273179065354068,0.6666617692164916,0.6037455249781195,0.7148579588137225,0.412827642609809,0.3186786026505849,0.8529692616397484,0,4,2,0,S5
0.8487037188953155,0.6001766270897099,0.506706190997557,0.2909079204428509,0.6481663704370855,0.8433702168022623,0.4967374867967171,0.8391188046471278,0.7574100527658492,0.3939165451004509,0.4293276475696831,0.3173256095576807,0.8520480699283024,0,4,2,0,S5
0.8462713378076446,0.6060713185483504,0.5128473505146806,0.8640630990876894,0.6463542560033032,0.8432391822315403,0.3946702421192139,0.9066056724983138,0.7423742587448707,0.4414924752582649,0.4161479803559825,0.345305798987533,0.8542442562739339,0,4,2,0,S5
0.8442147654309082,0.6531106096952941,0.5240781533340064,0.4526338448557124,0.6301815429572147,0.8432043575133279,0.3520758415739972,0.8156868261571951,0.726204280271418,0.6439542793131733,0.5608268909920692,0.311358918132959,0.8525425238563434,0,4,2,0,S5
0.8536851007080862,0.6623922509024623,0.475658252715918,0.5227632128790486,0.633566920253761,0.8432925896869057,0.5062328378975071,0.6854159000196284,0.7550289826098147,0.8071621701439572,0.3488925000585884,0.3167598501111116,0.8529985241425871,0,4,2,0,S5
0.8448203537893421,0.6912415330967833,0.5149164289551622,0.5023582456209748,0.6128067268447515,0.8437444989246135,0.4250800077734529,0.7607448342556671,0.7267033667826052,0.6986731922933485,0.4630930015234974,0.3320745949386071,0.8543328610332167,0,4,2,0,S5
0.8291975377832826,0.8606466440190624,0.5159208141626577,0.5803604956249993,0.6025595659609889,0.8446780784417938,0.6315571463626185,0.9284815888878212,0.6422727590429718,0.4881293230366574,0.5008446530984051,0.3151202775425456,0.8531851110223043,0,4,2,0,S5
0.8288291665163569,0.8598814066025764,0.518977564298856,0.8938781399576812,0.6594937758605294,0.8456701290907879,0.4191600760191358,0.8140685720308897,0.6783598321978843,0.7317028439429563,0.4706518758767661,0.3584804081437909,0.854408531865044,0,4,2,0,S5
0.8279834778018241,0.8709454008874651,0.5179301496787563,0.7455733791461517,0.6322240979402417,0.8459881375258217,0.4093231783804109,0.7899049744854886,0.6762572269065514,0.7339842674372676,0.4179422748420465,0.3627986301705065,0.8535858274780341,0,4,2,0,S5
0.8277515911632558,0.8673401105772034,0.5190670825575457,0.4348620019716068,0.622333653688531,0.8462684072401593,0.4281892139877167,0.7277811223718627,0.6790634673680249,0.8185140808081615,0.4601212447463931,0.3569800166497579,0.8543529769623217,0,4,2,0,S5
0.8182382436631338,0.882212839402247,0.5427228894273031,0.4974814055622257,0.6170834392163965,0.8474286579341814,0.4760502513042965,0.7895916775127836,0.6290015526664606,0.6128466835776217,0.4174664410122167,0.3405935861688501,0.8535581344534499,0,4,2,0,S5
0.8372280182450536,0.7905189244005782,0.5121323454067027,0.1511902334810194,0.6236650725749142,0.848178894147522,0.5869446574360113,0.8755545956683415,0.770441585514819,0.3962839965832526,0.4322931132011078,0.3449058381978895,0.8546537128096554,0,4,2,0,S5
0.827420772128968,0.792007517710955,0.5461933035798983,0.3590603345258454,0.6696095937443445,0.8482787823310365,0.5473437365866362,0.5567266934611093,0.688827805391246,0.8589884621667037,0.4619773814636227,0.3417701537723213,0.8546021731473837,0,4,2,0,S5
0.8422960720840426,0.6745396016563077,0.5013520497511941,0.5631061365600545,0.6465839090064498,0.8486340995519743,0.5971867158900687,0.8601567795729486,0.6413368084123972,0.6206023433756116,0.5433916454557246,0.3916126325756565,0.8547080677249176,0,4,2,0,S5
0.768331094778816,0.0524462259259678,0.3824024757920002,0.2127258520912138,0.6568935513816676,0.8495456090831272,0.5957203281271021,0.5774239911810624,0.0,0.6636752266422988,0.4273569379399238,0.3604116058523282,0.8546313536563599,0,4,2,1,S5
0.831159582426034,0.7136933899056911,0.3420604358764315,0.4791286598234187,0.6963449262378738,0.8500476773799889,0.6667943860859169,0.7164151127764,0.2897753686668121,0.671990065076949,0.2760910611990105,0.4017912760227227,0.8546049587388305,0,4,2,0,S5
0.8169010154943698,0.609921139561306,0.5867265340027625,0.5233630887243652,0.5525611997126024,0.8539298930174148,0.5034971816278142,0.5475197083091803,0.5985919508113441,0.9168121448514266,0.4538176977377448,0.2923437206833772,0.8920089960034181,2,2,2,0,S5
0.815720173393009,0.6078818518531682,0.5895463619303902,0.4948272254085137,0.5480256809777657,0.8540392397663696,0.3842023141520335,0.5441978969548174,0.5983949529063071,0.9177841964604522,0.4607575095902398,0.2975968110222229,0.8927884874256685,2,4,2,0,S5
0.8129640068886341,0.6130865068171415,0.5924818752676425,0.2740026712986073,0.5592542046382997,0.8541647807258513,0.5140510688397749,0.5437904428690545,0.6007926990843059,0.9166691656502732,0.4497283384177095,0.2893287568510365,0.8909858916474294,2,4,2,0,S5
0.8139125870637696,0.6181469926621025,0.5924998401230588,0.564698052340939,0.5874293282354274,0.8543761653322843,0.5925078702302519,0.5392980510911831,0.6067080886516963,0.9161457180295116,0.4745460012402024,0.288594248303947,0.8914006082190523,2,4,2,0,S5
0.8226829161656217,0.6045017355927003,0.5745148610574845,0.3783652769093117,0.5887985912870035,0.8548809565495,0.3984937575762896,0.5493247898433741,0.6161168528313528,0.911195668486856,0.4270014457724718,0.3326356118415453,0.8931687751955376,2,4,2,0,S5
0.8201147436909334,0.5944544411366753,0.5805575376659358,0.6000409573588763,0.6134616482309199,0.8553985024989003,0.4757721306052142,0.5626013246000638,0.6223884946575068,0.9057834500240324,0.4107507222606995,0.3566667826456334,0.8932602720983547,2,4,2,0,S5
0.8215134788704687,0.5991297252169061,0.576135231458315,0.3946755024366166,0.6136292290942825,0.8556250303641445,0.3881156899285691,0.5841287601557201,0.6247806915900826,0.898943236985423,0.5051824823405385,0.3514370478164857,0.8940935420213323,2,4,2,0,S5
0.8337650209171207,0.5927512949752224,0.5504791455363423,0.4939422742406574,0.6127214480215775,0.8560443123281365,0.4337532153375227,0.5889446256297128,0.6246076070618494,0.8971611039046117,0.3820958740513361,0.3608124733646436,0.8940495561747172,2,4,2,0,S5
0.8392610217835943,0.5934412512193278,0.533435407876186,0.5059206529775571,0.6072823669665905,0.8560826720657557,0.557915079288161,0.5967486727565792,0.6286662324732579,0.8924490892044367,0.4632000578071996,0.3640119647301696,0.8944376204280821,2,4,2,0,S5
0.8373177002127566,0.5916095443785714,0.5413651089595739,0.4162887890086227,0.6238043171750188,0.8560373856009202,0.4774224396380619,0.5728446916017652,0.6245926928715615,0.9026366372180176,0.5342977000575964,0.3592478988027655,0.8921328826091756,2,4,2,0,S5
0.8581854064258297,0.5996725612956588,0.4580585096259818,0.4802179589986902,0.6424757392080565,0.8560005067498089,0.4388743698796699,0.5030059600384513,0.5904031450185958,0.9294727255395104,0.4755947708940252,0.3755150877743157,0.8933336543148902,2,4,2,0,S5
0.8580415911240007,0.5967524459419182,0.4501488753048933,0.5118525803428347,0.6468758633240672,0.8560193283396247,0.54716592465316,0.5118971562435896,0.5957316354697336,0.9246119066159082,0.4580205639544367,0.3675588739942745,0.8918821748645531,2,4,2,2,S5
0.8579542984449966,0.5990537496058113,0.4612863744057557,0.5775343190107876,0.6398071213540973,0.8561695188938904,0.455617709960246,0.5073732557444811,0.5971396985291963,0.9278713937809424,0.4443266994907974,0.3730454048290397,0.8928412150265962,2,4,2,0,S5
0.8580794898452618,0.5997942166116031,0.4559605150790776,0.5073439579981708,0.6325372777575218,0.8562305696344604,0.4480827776194893,0.5111767012889713,0.5990499139458395,0.9257196061813084,0.4552036548306367,0.3723665063539145,0.8931157816205768,2,4,2,0,S5
0.858243065373391,0.598094260091803,0.448974591708116,0.5078887013606013,0.6278004248070689,0.8563735946088468,0.5497921557384734,0.5093007245147289,0.5973130903514619,0.9267080561208688,0.4511301021282158,0.3710152673279597,0.8919482100422672,2,4,2,2,S5
0.8580619424033403,0.6083286494390742,0.4576711006763879,0.5165833525264627,0.6268570560027713,0.8565911893845086,0.4849054017370295,0.5100019767007937,0.5981832690011766,0.9269699599846224,0.4546934628369019,0.3670663855391894,0.8928049205128534,2,4,2,0,S5
0.858142531273739,0.5970561233162309,0.4493114718757701,0.5231988427560105,0.624210804859083,0.8569279716388258,0.5206216876201123,0.5083987527784972,0.5984892384880143,0.9266575059974004,0.4587012769670888,0.361305811307979,0.891920925584389,2,4,2,2,S5
0.8585939855730663,0.6028030733347486,0.458680933790731,0.516317713766575,0.6311395106981749,0.8571271269889319,0.4046193181516553,0.507315568580782,0.5987829358901702,0.9274637456789376,0.4621151241935217,0.3602587985873399,0.891776761724619,2,4,2,0,S5
0.8619041633611116,0.5839775318851269,0.4377317713877142,0.5223427776862518,0.6249506159286706,0.8575028899977915,0.5056888344667597,0.5034745255528092,0.5987672072161537,0.9268319242838656,0.4682613569683616,0.3591869578333426,0.8920457804932267,2,4,2,2,S5
0.8492326869743211,0.4905093364971976,0.3735713671846932,0.5143431136970407,0.6302395597444689,0.8576938765868356,0.4322699612979904,0.5261564496091413,0.6016308061332711,0.9213090016108249,0.4313995223160337,0.363039616861771,0.8905956099792799,2,4,2,2,S5
0.8408298675429586,0.6185406656390477,0.5436285108434413,0.4623622656242023,0.6538537468888916,0.8579837959487434,0.6423937841584657,0.5460125838485987,0.5809872694088142,0.918444315371705,0.4969719419615507,0.3544832290242503,0.8918203268464369,2,4,2,0,S5
0.834503980100371,0.6080716757088984,0.5490494179353524,0.5798332129223305,0.6694082942386484,0.8579997035360751,0.4667210631306613,0.5505034085076131,0.5985452055885621,0.9153480802909092,0.4794184518789081,0.4342769643000338,0.8917772296729785,2,4,2,0,S5
0.8323619251444756,0.619744116254658,0.5558777721497172,0.5103983401809096,0.6485607116671664,0.8581014547703583,0.4460407516568594,0.5557087834713644,0.6002260237835685,0.9105373306594118,0.4528316720542408,0.4065180310714955,0.8907111361642503,2,4,2,0,S5
0.8322987390339875,0.6186432882858237,0.5522109897708711,0.4890937042063272,0.6450001141060808,0.8579790666660232,0.4254160081205158,0.5504925235979701,0.5967042375444439,0.91524665080179,0.4486820152809618,0.3964079760574094,0.8904185361488435,2,4,2,0,S5
0.8322114968653465,0.6110103232823231,0.5470396542677758,0.5009099116727326,0.6379617858601302,0.8581938907507983,0.5729512303407821,0.5502097819391059,0.5944026422596244,0.9165765807547444,0.4673746160662244,0.3885916131152414,0.8907297563785733,2,4,2,0,S5
0.8300447526544307,0.6294606047057298,0.5739300504243026,0.5230218678185152,0.6361640952761318,0.8582269001887749,0.4643739611766695,0.5552077853179773,0.6053639300776222,0.9081042835205796,0.4536444599717903,0.3870040734733811,0.890410620276136,2,4,2,0,S5
0.8301016434139339,0.6236630107828617,0.2799720505307388,0.5147089843785294,0.6537245985022185,0.8587289207151039,0.5223997339628733,0.6205910415732743,0.5942312304728129,0.8671043502883518,0.430399606083248,0.3832998742630767,0.8888277159391377,2,4,2,2,S5
0.8136505986176186,0.6632450327535337,0.2500080741755976,0.5408812372536017,0.6509403118674879,0.8583956257096612,0.2968551810784913,0.939350061102591,0.6429897167253936,0.4915113673944891,0.4931830751139288,0.3721390381609674,0.8901431850841072,2,4,2,2,S5
0.8204830467655678,0.628470966605204,0.2604925777365233,0.4761706727057667,0.6556695264347954,0.8582359765899549,0.3685775393363206,0.9148754299743608,0.6598745111534114,0.4619593159055708,0.4362604095702921,0.3511105430375474,0.8905871578778274,2,4,2,2,S5
0.8141438636079491,0.6853003772083233,0.2608681185308501,0.4996262017726501,0.6776667227696823,0.8585418990802597,0.6637961290844168,0.8545460301480345,0.6682663596894396,0.6732919568504818,0.4268738303859301,0.384314225440948,0.8904559474396633,2,4,2,2,S5
0.7947937701872962,0.631550821335271,0.2173013698701809,0.5284819236312149,0.6596606091994517,0.8577084465992563,0.2867596500748727,0.7955094877030853,0.6898835642007104,0.7331143647670373,0.4633417900841771,0.3834683573679383,0.8888751510691143,2,4,2,2,S5
0.808904054322442,0.6014822457588345,0.2261381527928292,0.4894026090496313,0.6487943592797943,0.8566669056785643,0.4779985099196867,0.8019435299322428,0.701120889461788,0.7369306800436735,0.4905536774951973,0.3797581297761728,0.8916693459129368,2,4,2,2,S5
0.7939394570690151,0.642233345090807,0.2351187180528959,0.5151642551749732,0.6469241466975201,0.8565614761132767,0.4839550734533229,0.7225975877816436,0.6875253313290579,0.7827266587396234,0.4211730800434011,0.3790286821994353,0.8890998726852704,2,4,2,2,S5
0.7863504005315987,0.6520312999864706,0.2460793232314917,0.526309022349507,0.6444198308268593,0.8566645171519379,0.5354370268355351,0.6322153878401524,0.6576826051540166,0.8516252494655938,0.4046496119649493,0.3902481956059815,0.8902968064897473,2,4,2,2,S5
0.8752269291177817,0.6368565463785124,0.3007526194319788,0.5518714739764541,0.644826934545048,0.8566845807755996,0.3646075190390409,0.5903133016842196,0.667397737137694,0.915348073360487,0.4230091838037473,0.3979256306713609,0.8888696928952375,2,4,2,2,S5
0.712636496804536,0.740601164319887,0.7420160685908594,0.5068999655952259,0.6473598182570769,0.8569673823281608,0.3433433391268463,0.5384924379811478,0.2887120272600054,0.8286047989764453,0.544958865771531,0.389625247721322,0.8885262372381019,2,4,2,0,S5
0.7131837720719346,0.8086773240932643,0.479476117690085,0.5409855119714408,0.6583670193417155,0.8572554386393003,0.2585508255124221,0.5195123242968965,0.055255308853591,0.4796124839038862,0.3189976434790168,0.4212766321860732,0.8885488728112808,2,4,2,0,S5
0.8909205152611969,0.7530791615920439,0.4253505450319466,0.2296994860809645,0.7263116264493625,0.8570401846197325,0.3754204701643359,0.6242791881285326,0.1245783928217746,0.55576450199662,0.5479612823809602,0.4028543451885506,0.8886299463804357,2,4,2,0,S5
0.8246015893679678,0.8381240309453709,0.4290270544859258,0.543644373964345,0.7872762018009096,0.856629835745323,0.6458226437824405,0.5318727458621981,0.0262942002494987,0.5158785388055657,0.4363905460316883,0.4102592140925978,0.8874174748491795,2,4,2,0,S5
0.8677608215369329,0.7245985386209303,0.4204282313938409,0.7709124647045174,0.7800387655712511,0.8561433406420657,0.4482829704586282,0.569861114210414,0.0646678539020625,0.5209420518192759,0.5029531731406414,0.4225247556639309,0.8899843449864925,2,4,2,0,S5
0.8524277140328497,0.7765181518290926,0.4369736342106909,0.538555653418591,0.716427798825046,0.8545334736958966,0.4058445414215797,0.55450994388972,0.0356178967962856,0.4646789509654938,0.4696497761908661,0.3963081350242361,0.8884901244513657,2,4,2,0,S5
0.8488011680901535,0.7467223707767843,0.3734753314200149,0.5803484257844611,0.7045563294805844,0.8544445249643311,0.7407847901477845,0.5438707200977633,0.0267184040552719,0.513542195787285,0.4452569460854341,0.4039964162918253,0.887442843457861,2,4,2,0,S5
0.8491565914412113,0.6034792483010232,0.3638002635779306,0.4359265681038136,0.6996577807908124,0.854112471992734,0.752083343388377,0.6124497527751946,0.0715609309634,0.518966342080346,0.4780982136757646,0.3945452125934527,0.8872697513646789,2,4,2,2,S5
0.8553945794753401,0.6702194612354702,0.3707468255428111,0.4910220755781107,0.6987767097909239,0.8525899773505574,0.1557188168652208,0.6667589142793252,0.1042424626551822,0.5114427778191668,0.3927840234558879,0.3809072361911823,0.8872756503211348,2,4,2,0,S5
0.8537443248040166,0.6601695079790102,0.3647615943157933,0.5072346296035556,0.6915907372124308,0.8514861914259825,0.4969740194578742,0.6722162598572933,0.1069414012528338,0.510726113876092,0.4696950367627224,0.3806655125041058,0.8872677131556771,2,4,2,2,S5
0.8569995841159442,0.6604398326196297,0.3762454973455107,0.5023978320355744,0.6987030867737285,0.850871719066084,0.4911499643456233,0.6832300463154448,0.1173510777019548,0.5180274386507197,0.4271950486446297,0.3770286549757999,0.8883818039353342,2,4,2,0,S5
0.8567643495700024,0.6600969547703642,0.377722724257105,0.4147273677898927,0.7456652914682459,0.8500492538075624,0.516826068896193,0.6832457005859328,0.1124008648686152,0.5052808715841851,0.4865244672862286,0.3885773991614747,0.8854766245081569,2,4,2,0,S5
0.8579058778830673,0.6632513202324333,0.3851987522032147,0.6691646019714608,0.7451043453493419,0.8495295104136656,0.4431084042974991,0.6826178559310992,0.1144677500967635,0.5076623622026859,0.438491042334565,0.4008903851688066,0.8864266131198796,2,4,2,0,S5
0.8563620015743607,0.6549980020516977,0.3771769575560097,0.52293488495225,0.7099367935831931,0.8487305004866144,0.4898548675830754,0.6829824465956545,0.1135978660984342,0.504604153422254,0.4675416467017376,0.3881686396931613,0.8855058087903236,2,4,2,0,S5
0.8584817063781974,0.6591536312699438,0.3878016157622519,0.5276161879189512,0.7050020281103629,0.8483438457963387,0.4338244194061627,0.683279501712988,0.1152345496506205,0.5043593336776541,0.4417746104764231,0.386951751903582,0.8853586399607352,2,4,2,0,S5
0.8577319934563847,0.66068361106532,0.3860222523466736,0.5081360435684027,0.6946732160624935,0.8474031484698118,0.4482304842217779,0.6845006929450341,0.1149771897396105,0.5039173604601362,0.4163908724982755,0.3708816904582026,0.883167757628033,2,4,2,0,S5
0.858217416243998,0.6585273970337325,0.3881923448664311,0.5074015621437613,0.6931447763406413,0.8469207616323515,0.4492937053300349,0.6829578914680193,0.1144110523749639,0.5001800963249549,0.4346450100988366,0.3710126489910213,0.8826895827952927,2,4,2,0,S5
0.7922609965315269,0.4817367704636557,0.6223014538340803,0.5209924039550662,0.7069164224444572,0.8276681860721476,0.574207435354983,0.6644034663538025,0.5904243902008022,0.8717225924914558,0.4772088807452848,0.7690038514892614,0.7664513179859106,0,5,1,2,S5
0.7885382443303417,0.4782367917494774,0.6257085878967286,0.5083650325652233,0.7038573546524984,0.8278051919594358,0.4411062734512264,0.6695245831951422,0.5910994474333884,0.8706598644660093,0.4727339035584167,0.7654966905660696,0.76724007966292,0,4,1,2,S5
0.7926704944836696,0.4744467265237339,0.6191974069954616,0.5277267805180653,0.7053264943250566,0.827934841184715,0.4367317952195749,0.6666357508383163,0.5912709867140895,0.871732646085554,0.4455930614772011,0.7525881989999746,0.76719114034433,0,4,1,2,S5
0.797719575235493,0.4743334375861401,0.6104925783583006,0.5297501126772146,0.7057495128708398,0.8282883431254167,0.530487624043899,0.6734906958552177,0.5928426354623476,0.8671645968612867,0.4817204985791896,0.7537053538977952,0.7676167777684881,0,4,1,2,S5
0.7935511736594424,0.4687803758888003,0.6173849618185812,0.5086151916140209,0.710660053045783,0.8286478163826844,0.3953495718291153,0.6841569837195683,0.5941592969133107,0.8619791232982343,0.4710459209384287,0.7590523863966279,0.7672700301557882,0,4,1,2,S5
0.7912290042905412,0.4659047221335748,0.6205885019590041,0.5908558097313167,0.7165583694661223,0.828415126118744,0.3899447905734763,0.6711404798368048,0.6051223243415795,0.8651322851753673,0.3951573268355343,0.7737600039885375,0.7675423451471628,0,4,1,2,S5
0.8007830862943552,0.4695003708775601,0.6057268450050274,0.5612902037288772,0.71533658703624,0.828237085344015,0.4822206234386194,0.6738510341453787,0.6108936427014265,0.8624572551819731,0.5128645119709551,0.7789745259182715,0.7685403760244421,0,4,1,2,S5
0.7949501912857632,0.4686806931577807,0.6168940885015974,0.531309577971444,0.7194480406349447,0.8279176437930053,0.4403067553263866,0.6836968538342998,0.6090918515788024,0.857111983667311,0.3612680676175182,0.77578734049805,0.7676323703383118,0,4,1,2,S5
0.8131835902168615,0.5309612626729457,0.5877959364647536,0.5625139175176329,0.7259908875308145,0.8275698743162067,0.3933443613831001,0.6651334898879111,0.615518739848302,0.8638196364958666,0.4967251395429879,0.7896444662508091,0.7697678665679905,0,4,1,2,S5
0.8209489379643768,0.5114798275223346,0.5708506694403802,0.5581371674608843,0.7246779103142619,0.8264603559277283,0.3996873332906224,0.6469262160108282,0.5753413779236914,0.8819715962842926,0.5132020738230162,0.787636142902234,0.7687889199673926,0,4,1,2,S5
0.823558099738372,0.5041643676337797,0.5671942425814163,0.4523807670964567,0.7281770474021197,0.8260139880717936,0.5244414348430881,0.6434091482502866,0.5781618988447307,0.8840296839136528,0.4560990552154411,0.7745527993825176,0.7663076788997062,0,4,1,2,S5
0.8215535342589794,0.514633902375029,0.5708571661366102,0.5745611311126974,0.73846831224278,0.8258305492268887,0.5009278899803096,0.6766030820030952,0.5750600142151285,0.8670945594274193,0.4622884836879419,0.766998726516223,0.7667013336608879,0,4,1,2,S5
0.8204215147177994,0.5174017923840617,0.5760364234194117,0.4565483397303245,0.7378178667657798,0.8258212817435784,0.516291145436055,0.6784417723042881,0.5757062024051204,0.8649905039101811,0.4618823651914237,0.7680072167711424,0.7660736472258588,0,4,1,2,S5
0.8209556219489992,0.5251691126692584,0.574855206095245,0.5529361054733204,0.741423677228906,0.825739785215087,0.4167938788901532,0.6828241404987493,0.5750652209114314,0.8655885254649405,0.4394236261442907,0.766215720683552,0.7652184307041704,0,4,1,2,S5
0.8251187943508852,0.5131514212439718,0.5636497239850105,0.5251716459725609,0.7438162932301281,0.8257190528039702,0.4119671774694597,0.6773040906630327,0.5803926303838987,0.8664366864326951,0.4624553296284007,0.7684648002465791,0.7648881519498488,0,4,1,2,S5
0.8277137316015646,0.5014000238655273,0.557117586496602,0.4245476551816342,0.7402463906802167,0.8256241805263709,0.5622933186047349,0.6827142702499034,0.5837119251280051,0.8619450003915282,0.4422966183328665,0.7617623686971604,0.7648924786474424,0,4,1,2,S5
0.8225097807358952,0.5020495009236725,0.5699833586197858,0.6427333454514184,0.7695765691319258,0.8255826201630723,0.4146855725207352,0.6870563184894377,0.5847399593277874,0.8613163598064086,0.4967204289178667,0.7603752585869055,0.7638207047714253,0,4,1,2,S5
0.8306661004706197,0.518655336935478,0.5545302673108155,0.3813142772684881,0.7462374739027435,0.8255209961761122,0.5180230618626753,0.691245821731595,0.5839774304396336,0.8592135873687042,0.4326154976162394,0.7758178389256611,0.7639237378388779,0,4,1,2,S5
0.8292031761560309,0.5428637135240826,0.5577831589216122,0.3501486590977627,0.759136944446182,0.8254261716690453,0.4136682048830576,0.6783342344456482,0.5763063071013643,0.8672149425481408,0.4634136166117807,0.7698334281396859,0.7635703106487953,0,4,1,2,S5
0.8340148736918676,0.5051016686622851,0.5409974185109983,0.5888896674703737,0.7547852245406086,0.8252423028893481,0.5635434374186397,0.6973783779704221,0.5663506748752319,0.8567681111768156,0.4530265560464827,0.7527216381087043,0.7636318325569444,0,4,1,2,S5
0.8365030987824047,0.498486738514334,0.5349177083320207,0.4787821506948285,0.7464694410993168,0.824543849933267,0.5568989346791651,0.6993332202413626,0.574146342693771,0.85439422192544,0.4918983763537109,0.7718355168607526,0.7636645991458471,0,4,1,2,S5
0.8315111568362571,0.5190148042132336,0.5485426834458936,0.5019658656473714,0.7500499294834753,0.8248025273669022,0.4730719421281864,0.7184924705306778,0.5759864923276784,0.8413296411612081,0.4587035656613334,0.7832914554109507,0.7625726028749349,0,4,1,2,S5
0.8283960009525992,0.4968358862821477,0.5641011138696883,0.4793112647224182,0.7539846245763832,0.8248555526580073,0.4043052676915011,0.7065251385527638,0.5748932355135876,0.8462870121098426,0.4156103022616638,0.7791696231888903,0.7623212718924467,0,4,1,2,S5
0.8461320636952795,0.5843424794935523,0.5171901871723521,0.5316489553678172,0.7571971707306179,0.8251030040164986,0.4663512637081317,0.6497347277182558,0.5721745338647671,0.8768302437909135,0.4544889775426525,0.767998206099429,0.7623476983365436,0,4,1,0,S5
0.8404767225752875,0.5696073002368951,0.531675031899765,0.5722990060387287,0.7702252367084214,0.8240977209299947,0.3984250970256119,0.6535330802111193,0.5528740017912709,0.8818687583603643,0.4188076265210336,0.7295531606245039,0.7623077215635577,0,4,1,0,S5
0.8427555367748853,0.5672467347688086,0.52679472791621,0.5109757349838427,0.7663240076119242,0.8234542996273849,0.3824462964470607,0.6565621689701496,0.5523988325456883,0.8797177217934061,0.4776982130264873,0.7193880631361208,0.7630177297462035,0,4,1,0,S5
0.844150932056201,0.5703106811810955,0.5164621154197,0.5572226733513379,0.7655190960446837,0.8233087428147746,0.4937167966980215,0.6561755465794867,0.5526505398340478,0.8800075023487677,0.4321572102715939,0.7190839558025268,0.7649403047246401,0,4,1,0,S5
0.8445956696919276,0.5694504329345824,0.5183192850232748,0.523089851213586,0.76496050249659,0.8231488548424056,0.5244042600176647,0.6524432876644253,0.5519424716638552,0.8802415480652601,0.4521397615016275,0.7195452607430908,0.763807687225622,0,4,1,0,S5
0.8443553782994783,0.5669698057742422,0.5181806562228232,0.5045203560605651,0.766581215501323,0.8230565144030303,0.4341309904007815,0.6521830678729235,0.5513605885979197,0.8818588321576428,0.4684866460843322,0.7164651307543279,0.7625678533533187,0,4,1,0,S5
0.8480145615115652,0.5660154093075043,0.5021968800794754,0.5271662121182656,0.7696632232072915,0.8228636647632179,0.4907195734069077,0.652138839202149,0.5514363086537036,0.8823174910367484,0.4509309011529974,0.7088412378809169,0.7637584792258054,0,4,1,2,S5
0.844672318485648,0.5690222330327465,0.5209892202448064,0.5272391367389561,0.7733331482302743,0.822883346222619,0.4736366459321289,0.6610149016039556,0.5532736809530057,0.8745844176392444,0.4502220718328611,0.7059856654953129,0.7625118129468157,0,4,1,0,S5
0.8441889260748345,0.5688953498200902,0.5194586236962255,0.5201888816235757,0.7765053796605256,0.8229383778760907,0.4507013090087661,0.6426215092866658,0.5470801990489813,0.8904012197573223,0.4610918089707708,0.7040564240610803,0.7623786878118911,0,4,1,0,S5
0.8470785552103554,0.557290031116747,0.5078447229604914,0.5106391267932673,0.7776252323715616,0.8229755433503967,0.5603213131889198,0.6629911524949352,0.5554623523570226,0.870502992051138,0.4607143742832492,0.7004728455555844,0.7623608933750659,0,4,1,2,S5
0.851640926116948,0.6051547497841113,0.4855377593447521,0.5412578857899885,0.7866297444494752,0.8231107817279815,0.4778949206382024,0.574449026739416,0.5327121184101535,0.9529005187417314,0.4037091512513813,0.6928630849214709,0.7623044647409332,0,4,1,0,S5
0.8493993464092036,0.5576484277555291,0.4943579245758054,0.3242533203325373,0.7918328557778891,0.8237762730166187,0.5419221993801623,0.8663446031508473,0.5778131976775791,0.6190684487886324,0.5055844300650432,0.6880056856225666,0.7624129895143621,0,4,1,2,S5
0.8432503031661998,0.5477918722849575,0.5110979329087719,0.4243435016052539,0.8063162804343723,0.8243348538534602,0.4277278500258624,0.5506254947084153,0.7182707180709635,0.677292451138275,0.4402472100439829,0.6872828871353726,0.7623630204548774,0,4,1,2,S5
0.8174459829816967,0.5633816107306782,0.5837255898648452,0.7315866382495395,0.8209012552076067,0.8230954473870402,0.5195893024311776,0.3469199175144594,0.7163013157032944,0.8439234144929197,0.4240223555836918,0.5336137554590109,0.7623807851978017,0,4,1,0,S5
0.7825256071177316,0.4646144007669867,0.6312986978972064,0.5052939439428358,0.8050660874783978,0.8198308091941269,0.3652234566064511,0.5832815979698461,0.5430849747212122,0.9351611078766646,0.3889499087709299,0.7839634194421592,0.7607694688134116,0,4,1,2,S5
0.7822070589480027,0.474114476804554,0.6355614350523693,0.4706550043315626,0.7978089672625869,0.8179113891971813,0.5175909008849148,0.6087533363444154,0.5603713936307109,0.909346950016826,0.4410238498697549,0.7603814652265648,0.7621220600652548,0,4,1,2,S5
0.8123309907459755,0.4886928387122645,0.5839847810906094,0.569601736574574,0.79949008218489,0.8173687159476715,0.3974536894084347,0.6322848372420602,0.5666025491434027,0.894140977401894,0.4501537389668247,0.7504008502673714,0.7607454307076291,0,4,1,2,S5
0.8148473476491793,0.4900476108167968,0.573274957783064,0.5053744815005755,0.7984366653606282,0.817559559225118,0.5584096522092256,0.6127484789521996,0.5711568916900881,0.898623842319733,0.4557806917031195,0.7402070704115389,0.7586421800279604,0,4,1,2,S5
0.7971926972587435,0.5189151425229367,0.6368297460342098,0.6621059471693941,0.8265092101233886,0.8189149047739814,0.5690956493620768,0.4710680172436956,0.5319235607058246,0.9370281005988016,0.4468577500071997,0.692659320759798,0.7545910523084153,0,4,1,0,S5
0.8015083482317632,0.5271831708492319,0.6151762430618957,0.5592329386592672,0.8117337042608992,0.8182574867053413,0.4362080013618837,0.610682030227511,0.5282240893948174,0.8998989605198544,0.5302026502465129,0.699463409836607,0.754677877879198,0,4,1,2,S5
0.7906884385662425,0.544650953481522,0.6268710457710169,0.3158536351742305,0.8073509194654619,0.8179764526624835,0.3118959275071336,0.6473106661433493,0.5496394988936286,0.8864210824456773,0.4824745384849937,0.6968755178163921,0.7535968429689375,0,4,1,0,S5
0.802346959559304,0.5052973452254697,0.6035729938480929,0.8207374114791899,0.8570063387850246,0.817792392800656,0.413245685832938,0.6535126911263066,0.5601076163977518,0.8829688618548651,0.4178445319413459,0.7036697183177019,0.753393970182504,0,4,1,2,S5
0.7968634230005139,0.5150526284926353,0.6166244018430459,0.5043546661631857,0.8042945544016896,0.8192700786833218,0.5188981819401536,0.6213371894720952,0.5602159592768463,0.8960118485512718,0.4668465360916939,0.6941091668632746,0.7538219729917689,0,4,1,2,S5
0.7917243408926998,0.5203921845878847,0.625892231902483,0.5267242654715373,0.8030660300889068,0.8198311913583871,0.4555756991548114,0.6372293433588042,0.5666468975571187,0.8868856000069194,0.4651004159218129,0.7023775963849374,0.755465836837057,0,4,1,2,S5
0.7925706034225973,0.5178518459013106,0.6247154923957259,0.4829846585041261,0.8043493055793632,0.8206034975577552,0.436492472938194,0.6318115871505572,0.5637564767386071,0.8907823110414498,0.4520120114109969,0.704201226048514,0.7550461410866841,0,4,1,2,S5
0.4446699433203724,0.6674093754616561,0.9075021255557296,0.5356794227811478,0.447358121007707,0.8343682421117595,0.4370514649044463,0.778323976424514,0.8450813813352283,0.3221756781940078,0.3035828905346673,0.0760824419439923,0.6163376453706645,0,3,1,0,S5
0.4451872466452591,0.6725217530436409,0.9068837787402316,0.4991413286801071,0.4493130340805664,0.8341703287954988,0.3764408460888863,0.7815139926666506,0.8430265081218788,0.3222192525570474,0.6102295333878051,0.0755931055644187,0.6125378551006284,0,4,1,0,S5
0.4484896889013555,0.6701624218981667,0.9053447283767408,0.5143217552732877,0.4480080855364543,0.8339849791292933,0.4347372047146859,0.780516908913393,0.844464083432864,0.3243476433714978,0.2883438557296751,0.0763800086241468,0.61360632835135,0,4,1,0,S5
0.4582693749074522,0.6717068410001671,0.9002631717427978,0.5370388689493797,0.444698373220799,0.8341356951594167,0.5044314074072599,0.7807489734856632,0.8444114742534086,0.322648788979667,0.4748890450684234,0.0761587471977841,0.6148467397855283,0,4,1,0,S5
0.4493889516719697,0.6677557643605702,0.9048956470706986,0.5214890376473951,0.4439197498401546,0.8340838641316245,0.4588028552171903,0.7761360235715137,0.8480484866736315,0.3227918646946447,0.5518725414756568,0.0746102832718016,0.6136802186637916,0,4,1,0,S5
0.4436402200952324,0.6691817059249157,0.9083741348041912,0.5157730347802743,0.4486408158201325,0.8340921284337519,0.461365008472399,0.7784742245609196,0.8447938247951745,0.3181192997551235,0.4001115469941332,0.0740511606030019,0.6137137064861606,0,4,1,0,S5
0.4538516511634907,0.6682155205106527,0.9028344692746376,0.5249149533839603,0.4549528522197865,0.8338481165536026,0.5274794694135088,0.7773748010607376,0.8444168627213993,0.3187295125286655,0.3849009605215474,0.0742039883788384,0.6123759715800892,0,4,1,0,S5
0.4326906736196316,0.6694386634470267,0.9137796556238024,0.5386813296882706,0.4517747464296563,0.8338457757975085,0.4344518265551872,0.7795074407073815,0.8441883096142819,0.3181208720381891,0.4119141756245177,0.0733781382168002,0.6147139811863527,0,4,1,0,S5
0.435020042414643,0.6703332162348904,0.9125868317785756,0.5048171521110812,0.4485991962949504,0.8337005533786257,0.4907018303786077,0.7784427943282286,0.8455465842689278,0.3221002634229245,0.292765792208382,0.0740196587728485,0.6136989301976519,0,4,1,0,S5
0.471545899256794,0.6709580141741824,0.8933231358933196,0.4438286843214143,0.4691543462153257,0.8336504420900045,0.539058562968504,0.7806415783075505,0.8428053103193927,0.3177527430246941,0.0998606711729673,0.0690764726507384,0.6129736449841385,0,4,1,0,S5
0.4426000193685482,0.6751469639193572,0.9084052728949934,0.4698731756251668,0.4800777607559618,0.8337654257617979,0.3907696332439443,0.7795670226406427,0.8441834741837904,0.3191386020778646,0.3163628419700358,0.0728333109620915,0.6123140770543006,0,4,1,0,S5
0.4273815365107004,0.6759419233699929,0.9165482901861726,0.6225433125167864,0.4818449391654367,0.8336271778406638,0.3074327357237532,0.7799547967686694,0.8440183846849132,0.318769371617885,0.8956909466541447,0.0751299666182235,0.6147314303161678,0,4,1,0,S5
0.4253605769786361,0.6747837678686176,0.9174822877221872,0.4729297610497798,0.4733138085452174,0.8335383246501631,0.3695094999193811,0.7761544660477,0.846570259919039,0.3190098304665137,0.5437122701145475,0.0746639130761622,0.6151944627575314,0,4,1,0,S5
0.4733051728703384,0.6753307948646688,0.89204992608101,0.5434193171202302,0.4772985271709369,0.8337315086837033,0.592534382944746,0.7738030999560814,0.8496891307546688,0.3190358616323658,0.4032879514598756,0.0758863376556419,0.6163493049150436,0,4,1,0,S5
0.4444127308978896,0.675884224187485,0.907504217531049,0.518499135050862,0.4704486207604007,0.8337118272243023,0.4077986754247425,0.7767884959071468,0.8453936949779803,0.3194661508089176,0.268548095688532,0.0734770622056174,0.6168408087177802,0,4,1,0,S5
0.4626711239036701,0.6768506443540586,0.8977614682197563,0.538321381286714,0.4769348804195713,0.8339124634609166,0.475947679144735,0.7764186370723396,0.8505547316961992,0.3271802946280374,0.4232056209013568,0.0749750933577542,0.6175924988652541,0,4,1,0,S5
0.4659935193099365,0.6569307255570606,0.896169901878688,0.4739654824632732,0.4745672808601771,0.8339056800452979,0.5481350835912202,0.7785154902976353,0.8479138587567232,0.3245727286440849,0.4686836079723029,0.0740286534577532,0.6187135449456086,0,4,1,0,S5
0.4694450640072978,0.6496941336856398,0.8945890150771378,0.4910743711535333,0.4705182896338579,0.8337212857897425,0.5483492959679002,0.8174613980431719,0.8250061283437321,0.3925146838238499,0.3997704573432117,0.0722491172669032,0.6191526475770366,0,4,1,0,S5
0.4428974776064607,0.6509790211931121,0.9088465552864912,0.5265307170188772,0.4721402507800779,0.8336083084803156,0.4273530444403946,0.8170402475840217,0.8244233672649053,0.3960087560454889,0.4645007881639998,0.07241005110244,0.6212719058218024,0,4,1,0,S5
0.4662759477364865,0.6801268881957584,0.8961474223582899,0.5331444927990662,0.4716895686964824,0.8333916691153046,0.4555806820352137,0.7891024453772142,0.8114839852812825,0.2640732824546836,0.3358850412612986,0.0720723695449835,0.6175156554789555,0,4,1,0,S5
0.4733545444677411,0.6519310266478887,0.8918635661982559,0.5463715999770221,0.466647463094448,0.8333398858580447,0.4246599457875655,0.8083350748271165,0.7845102911382597,0.2555253436010489,0.4676439070504896,0.0712894397678572,0.6164839988880864,0,4,1,0,S5
0.5324494467617868,0.6431152219863868,0.8591908151820202,0.4950787252571974,0.4640316781262586,0.833290873291672,0.58695992817483,0.8177303918802297,0.775691949554489,0.2593603936725506,0.3301806774269064,0.0720881963759998,0.6173764583839824,0,4,1,0,S5
0.8077399776661807,0.7459117489926861,0.4252338306419293,0.4713797069787126,0.535936445523,0.8378116327610508,0.4575334104312233,0.0582079782824955,0.454469717923266,0.5285167484884107,0.5514626240594809,0.1445608567283746,0.791022371818122,1,4,0,0,S17
0.8079065153401712,0.7410460555689349,0.426505454310153,0.4943418622883982,0.5362037159742783,0.8378462713085364,0.5980619573224398,0.0517679029334155,0.4570686020580083,0.4469540481212377,0.3939872275282278,0.1546340931018416,0.7900651912344799,1,4,0,0,S17
0.8105875296752838,0.7429473295454235,0.4283579342211489,0.4767194559144066,0.5375437633957689,0.8382832611186821,0.4745339806565258,0.0566265445848959,0.4560744671955277,0.5171586552580214,0.5404604628386132,0.1508930855285717,0.7914242395821919,1,4,0,0,S17
0.8096674045668801,0.7429423802001629,0.4285183886185989,0.4818118064905212,0.5368902494488906,0.8381828433379628,0.4923036158935592,0.0639016498315977,0.4629676187846675,0.5769614915463013,0.5389087444830654,0.1461556710566025,0.7903126260857527,1,4,0,0,S17
0.8207045501302286,0.7408685814691296,0.4389152827202257,0.4722443019811458,0.5367359670042109,0.8380913645372398,0.4678151114402774,0.0675916635645968,0.4598933754097461,0.577235452473308,0.4971828238167357,0.1473174711997536,0.7890193238178694,1,4,0,0,S17
0.8008245121093973,0.7531835282464684,0.4193664230850937,0.4545897308806266,0.5398406693344867,0.837892812302213,0.4171301131348713,0.0624728901848023,0.4570364082414085,0.5807257417774859,0.5657791962414026,0.1482288023193445,0.7876786851858729,1,4,0,0,S17
0.8320818260046294,0.7225716091890175,0.4574999277738426,0.465250790039922,0.551152979077519,0.8384348351273153,0.4545904736936916,0.1466727126084896,0.4624052427996544,0.7386800712717088,0.5364194342596906,0.161921889856675,0.7888825036032756,1,6,0,0,S17
0.8145491164919855,0.7338197714973294,0.4345813922318339,0.4573546292440062,0.5524269092148131,0.8383068231039987,0.4991619272437234,0.1380236983643331,0.4452664766086922,0.7260005682199984,0.3486221678143698,0.15807322981996,0.7887241442553374,1,6,0,0,S17
0.8160445254273623,0.7347402158066952,0.4356278113681453,0.4826737151694857,0.5534239659069017,0.8372635372593203,0.498445832633177,0.1648396921684587,0.4469496647726471,0.7612719688489833,0.4917331356461735,0.1676626320517965,0.7905032259621303,1,6,0,0,S17
0.8214955519899714,0.735595159927109,0.4430685890538423,0.468890342951711,0.5539514935635109,0.8371526258933879,0.4413370957604569,0.1648875726734065,0.4460881783648123,0.762714063654671,0.4745318538584901,0.1664843020762622,0.7888888741233587,1,6,0,0,S17
0.8070976418035843,0.7660552301645204,0.4273692216730592,0.4653809387933479,0.5568365649643803,0.8361244488681601,0.5177200665172386,0.1754493997809873,0.414032206231436,0.7712616241112451,0.4815387250407328,0.1655681976588418,0.7907993727173812,1,6,0,0,S17
0.8138331138286322,0.7358550609649425,0.431735728047527,0.4811312655315954,0.5562429723877035,0.8356794917062782,0.4744465318896734,0.1796144021848726,0.4116540343894424,0.7895398331152177,0.4655534888335474,0.1649838363954303,0.7910999201715483,1,6,0,0,S17
0.8187574391549804,0.7773726173615064,0.443464579421743,0.4375911356678935,0.5578649824607538,0.8358469032555572,0.3953996265127506,0.2624517860921001,0.4073456930227089,0.8069267289871638,0.5531728238287228,0.1588146331109217,0.790119174230122,1,6,0,0,S17
0.7955630506889906,0.7289154503216019,0.4078366792212683,0.4942095012736955,0.5601132047850454,0.8372697556801871,0.6029510086407688,0.2880894346084286,0.4428504866565716,0.8415737073747498,0.4353673948951082,0.1787163875643652,0.7918709081032026,1,6,0,2,S17
0.8080310203606123,0.7142487507570155,0.4217141427953213,0.4829272101545006,0.5585156730620906,0.8374690366364095,0.4831112999039996,0.2366115415673876,0.4417868381527954,0.8377680550982665,0.5332693318571285,0.1765752065201916,0.7922901394802788,1,6,0,2,S17
0.7886548965907039,0.7288730964703265,0.399902748449948,0.4899220574205897,0.5588566870769645,0.8378544329859244,0.5846306047886716,0.2756053690053749,0.4345191575953401,0.8589883716583854,0.2956211186713708,0.1908588462965664,0.792877356235894,1,6,0,2,S17
0.7936278162967185,0.7282928375777348,0.4047854320517626,0.486096261247457,0.5573725476285843,0.8381423750209143,0.5346106816285158,0.2896119354291061,0.4302037150713712,0.859102714593864,0.5376732940777225,0.1927068060511013,0.7926654126207364,1,6,0,2,S17
0.7875236280046161,0.7318970263923193,0.3981568817847036,0.4982844739649463,0.5575209492346087,0.8390732920572694,0.5704644616746073,0.2876413961280799,0.4318454280575899,0.8596149969475939,0.5014890262610935,0.1925689040328418,0.7936094384321095,1,6,0,2,S17
0.8032062324853109,0.7291645187709479,0.415773590234844,0.4720715715572332,0.5572848613913219,0.8394704451087357,0.4664129107158616,0.2880930237952377,0.4317531745382745,0.8593350257455439,0.4725999757253297,0.1913295108486814,0.7925991748788049,1,6,0,2,S17
0.7955201659908597,0.7323328618835934,0.4077998037743452,0.4594725424177162,0.558633273964415,0.839761107702855,0.4800054655262646,0.2879220322799509,0.4319611823805118,0.8604451478366094,0.5231296711918748,0.1907192639028741,0.7926485780416572,1,6,0,2,S17
0.7856739220207221,0.7342653276913309,0.3959239040623474,0.4809629981118368,0.5576422173670444,0.8400715429320748,0.5621220541378102,0.2874966048034066,0.4316220143973665,0.8579237208476322,0.5123368183240472,0.1921052838909259,0.7932218936122,1,6,0,2,S17
0.798203686228381,0.733092428177773,0.4106507859178699,0.4957337466067282,0.5561536069059234,0.8403414612628329,0.4886885172257905,0.2888189648895625,0.432607579771771,0.8626573937572344,0.4886901128532988,0.1910971627153267,0.7936750277761713,1,6,0,2,S17
0.7963356530206522,0.7324439267226661,0.4083991113515293,0.4534762302651484,0.5582867012189867,0.8406698716148713,0.455463827487688,0.2867282855762928,0.430501561958925,0.8547928820482347,0.4970134530946966,0.191774328138228,0.7927999093529858,1,6,0,2,S17
0.7764144136911173,0.7388443705667862,0.3865186361821578,0.4866592982655007,0.559103763682914,0.8408283441841538,0.5730568049691313,0.2899506848204073,0.4336741780252032,0.8676322497252271,0.5102568152213646,0.1887974889740404,0.794894565510691,1,6,0,2,S17
0.7863439810589179,0.7349956160270245,0.3957522611672363,0.4942909895985822,0.558238069938001,0.8410848054635045,0.5265331954817495,0.2851007292353055,0.4287258220344438,0.8478880747197339,0.5043662363539777,0.1916551601315942,0.7946877893905573,1,6,0,2,S17
0.8024933557552518,0.7929395954720495,0.4230725223129671,0.4459363996013826,0.5630591748617455,0.8418471935780812,0.4526908272830932,0.2764918296545134,0.363663778585509,0.3517371403664453,0.4854238266466876,0.2150716266845538,0.7946302286719201,1,6,0,0,S17
0.7926319084072915,0.7724418281109723,0.4073927752069113,0.4746044284136779,0.5632404191017595,0.8415915096013389,0.4609450897801718,0.2697891992462432,0.3307941111361122,0.0721589880355084,0.4746195941773499,0.1818807586651891,0.7949196469492802,1,6,0,0,S17
0.7971811326164489,0.7786533630669458,0.4146037057242916,0.4703568863077739,0.5628416820935014,0.8415672188948271,0.4373814635293936,0.2745513410542609,0.3373830128598865,0.1059758704192653,0.488819699263574,0.168796522922731,0.7937688642152264,1,6,0,0,S17
0.7820824746583045,0.7786275579393842,0.3972152123955133,0.5012405755980416,0.5626674669497713,0.8418066280982065,0.5710780285097625,0.2736744913608503,0.3357338868876404,0.0949047204610449,0.4805156272327789,0.1634588496363456,0.793259342506579,1,6,0,0,S17
0.788470892638273,0.7860205238888957,0.4009780538435418,0.4568909525739694,0.5617390094211135,0.8418950462699093,0.4808870037183491,0.2716998363200986,0.3344267966117318,0.0910134482839501,0.543938990811382,0.163250530526662,0.7932946310117434,1,6,0,0,S17
0.78983585143018,0.822952782567883,0.4115790175199551,0.4730620118530714,0.5620384168804977,0.8422482817240028,0.3953425508682882,0.2636567379982769,0.3639101872168067,0.0888528428375335,0.4794887659416937,0.1531653147242418,0.7926690325041542,1,6,0,0,S17
0.7902287878452244,0.8465647253877373,0.4157549480985319,0.4847249482459606,0.5596567820116765,0.8411325609925064,0.515329755256901,0.2578238616690196,0.3627091877788165,0.0840989806135925,0.5053938242050958,0.1468917820226254,0.787483555454289,1,6,0,0,S17
0.7862836549828818,0.8601086074658388,0.4157446243746567,0.4935856530289103,0.5594558422746198,0.840942607667585,0.5892258977345468,0.1894093779430118,0.3532674480167599,0.4391073574590727,0.3435154127778453,0.1562170159735694,0.7852555805135403,1,6,0,0,S17
0.7987775736732035,0.7594569374118061,0.412363348439195,0.4655649944034175,0.5605173514795723,0.8408053651757936,0.3772342528689533,0.2171925727793257,0.4366127053393657,0.7770776019836299,0.2957975831895686,0.1660614543754811,0.7849052475330879,1,6,0,0,S17
0.7819152172036474,0.7857166336357777,0.3992047362592203,0.4849189003556535,0.5587287997519894,0.8405306372851463,0.5321374810667943,0.2230415165474996,0.4579597822327684,0.8420484147333476,0.759922393262789,0.1772613759448998,0.7844074485438752,1,6,0,0,S17
0.8786067410153088,0.7064302304614457,0.5533703059288287,0.4688182043427433,0.6287226619281617,0.838680657077214,0.4552994384264817,0.2447420410588802,0.1173880517003078,0.4776964094744728,0.5134749037253068,0.0977666751996625,0.7705126790592555,1,4,2,0,S17
0.8807029697245714,0.7053207173448832,0.5587984955539018,0.4938051504872304,0.6435150741287984,0.8393272756845557,0.5172994391635142,0.2447384292475279,0.116807283640342,0.4652592780726048,0.4773736153065915,0.0953339028251432,0.7708910554484941,1,4,2,0,S17
0.887181580701807,0.6996427355954915,0.572788780601021,0.4621298604122455,0.6438740670626052,0.8397149553604828,0.4423182211924719,0.242076694883968,0.1186490137949139,0.4774139285901027,0.5312913545390959,0.0946168826451538,0.7705673410591558,1,4,2,0,S17
0.872567940304793,0.7124700747649303,0.5380844156622627,0.4623753858847982,0.6436265400029632,0.8398620598791178,0.5632002719588376,0.2408979246472958,0.1190436241448693,0.464793070685527,0.5278230249604786,0.095106323381034,0.7702162136318675,1,4,2,0,S17
0.8739401043102477,0.7120711372492822,0.5402870960479655,0.5047813222194445,0.6431777790215697,0.8400809191447881,0.6987297743240961,0.2375299796062144,0.1188184491560964,0.4600383004407387,0.4774789935496486,0.0946239457241636,0.7706826650170188,1,4,2,0,S17
0.8826806501599477,0.7010847155836764,0.5627884670626984,0.4773744290557535,0.6441363202847705,0.8403023046439362,0.3946214087649102,0.2368287097722009,0.1188974451753907,0.4651540572648759,0.4867821061509761,0.0961556825269068,0.768363200459207,1,4,2,0,S17
0.873773498402289,0.7132603609580004,0.5429603872916411,0.4895993479173092,0.6477257660303135,0.8407110200717022,0.6640588899216091,0.2364974095477287,0.120852613698431,0.466250177646453,0.5089075913997286,0.1001339355693385,0.7704409589983305,1,4,2,0,S17
0.8804988191949773,0.7090123959691915,0.5557807533361354,0.4805905647539631,0.6479238994491184,0.8408809092730453,0.6411776687050541,0.234190532966414,0.122333593182678,0.4734573264004576,0.4644689001895008,0.0986604596612,0.7702206667122046,1,4,2,0,S17
0.8786194995141189,0.7113256364525558,0.5525778077044352,0.4740560374666918,0.6484662004550287,0.840971416445508,0.4293593966845896,0.2351546224461994,0.1201413575735543,0.4715921016972636,0.5315003389929774,0.098355320031078,0.7710347328450585,1,4,2,0,S17
0.8804766547564085,0.7139986277510653,0.5571306574250915,0.4893177410653717,0.6504664587822688,0.841712137249876,0.6556364182359932,0.2340639833780658,0.1247977551935715,0.4827809401355292,0.4985003340078635,0.0989639913719955,0.7723550693202127,1,4,2,0,S17
0.8847535247987393,0.6861860531689571,0.5671414690789867,0.4696690391425479,0.6515750272000164,0.8420955417614572,0.4815336194212377,0.2420037617740714,0.1168638075852263,0.4616787392586209,0.5137030742975943,0.0952210981441015,0.7719715821638395,1,4,2,0,S17
0.8797742946886542,0.6819951700329059,0.5495847957900257,0.4760834455628503,0.6496690962860557,0.8422960858344176,0.4303039220538419,0.2483194949123228,0.1124611587554018,0.4626585282506119,0.4433606032451294,0.0937749752227152,0.7720234546693269,1,4,2,0,S17
0.8802272054450604,0.6805984998742682,0.5527890508799771,0.4817026010534991,0.6503351841217806,0.842251390934436,0.4395763988320547,0.2472447665363079,0.1127472325066295,0.46262250372802,0.4957593156456367,0.0944687428095719,0.7734868900428523,1,4,2,0,S17
0.8639425344276439,0.6917047273935758,0.5130582879759378,0.4725842812102485,0.6516188528381249,0.8426104075766793,0.3640169913837809,0.2502984666829294,0.1113309477303695,0.4588012505033761,0.519651130489316,0.0936646317517354,0.7732295554332144,1,4,2,0,S17
0.8646634566417389,0.6894357656117887,0.5151459880719917,0.4809884649640138,0.651558879169605,0.8427781106144363,0.4211128426673138,0.248967863437149,0.1119475100032301,0.4613954309425362,0.500528339722212,0.0922606393601944,0.7735352701880684,1,4,2,0,S17
0.8649371168974171,0.6879734782857335,0.5151158583782108,0.4709545419732902,0.6524970830569038,0.8430126616765132,0.4787267239303379,0.2524215008001267,0.1104991535352192,0.4623054922958791,0.5007724573359614,0.0931983612474178,0.7728907946833459,1,4,2,0,S17
0.8651590949046544,0.6867870474172175,0.515191359832694,0.4701049688371562,0.6542425043271273,0.8433370397712708,0.513009679095132,0.2473528543231951,0.1130626130338995,0.4639250286624378,0.4760251939639292,0.0931037305825078,0.7732455018235505,1,4,2,0,S17
0.852832864373124,0.6991207582303552,0.4918931939633618,0.4894782400371764,0.6541118370077802,0.8439091344910347,0.5838865063874025,0.286482535193733,0.0919924218157057,0.4445176261142616,0.5105344374873342,0.0928279767331828,0.7744691042858924,1,4,2,0,S17
0.8538458227372147,0.6971599898173212,0.4945392615556132,0.4742553276947234,0.6540208226091603,0.8440186855774028,0.446964813873663,0.2807430338512968,0.090962068964583,0.4453139228450209,0.5146860055931838,0.0930451462221668,0.7735554333296383,1,4,2,0,S17
0.8613642806425945,0.6900116379436169,0.5055404433394503,0.4779618020566201,0.6536072610093709,0.8441844453586387,0.44782366002758,0.2365215179784237,0.1273341017141254,0.5027625600167948,0.4633209824126671,0.097523975067961,0.7737784527068623,1,4,2,0,S17
0.8642624709625786,0.6821213810817823,0.5106026144615223,0.4745666969620222,0.6560742782362133,0.844255860035783,0.4342370174291811,0.2599146949263419,0.0977680670027892,0.4608062998409702,0.5880428388374771,0.1048092798162287,0.7735211272903537,1,4,2,0,S17
0.8122668028582725,0.7566635915565169,0.4309426906423407,0.4791634514055186,0.6596700413600304,0.8443861553855118,0.6334069525256266,0.0805946976200805,0.4017503177456294,0.6633381731441578,0.538223601737731,0.1034909972977129,0.7746748317992168,1,4,2,0,S17
0.822519596217042,0.7600227833118482,0.4466289114184725,0.4874821109805468,0.6588661426840623,0.8433596787097399,0.5642575236694645,0.0620390394214986,0.3945610679353509,0.5419325933639082,0.4677734862035397,0.1019607438362564,0.773483098446107,1,4,2,0,S17
0.8493453632677226,0.7198521980449295,0.4828944313792752,0.4659031254296877,0.6602391487192205,0.8401074931777122,0.4516899666218089,0.2289581220719961,0.3907458043592348,0.8885701627630418,0.5358297818467334,0.1177909848001457,0.7757674430673995,1,7,2,0,S17
0.8440620866056328,0.7206481642552393,0.4779975511951991,0.4885827927161724,0.6597723126185236,0.839217676016775,0.5747406227479118,0.2412160058534245,0.3318916758467944,0.3199368747527072,0.5284360537330759,0.2055825324449056,0.7768736200870352,1,7,2,0,S17
0.8499134755422171,0.7189937219823793,0.4920948932489233,0.4521273936591614,0.663349084231386,0.8387567841514217,0.5494878430123656,0.2304554725164047,0.3419010599694824,0.7980281631142103,0.5541067568425769,0.1410656539087622,0.7749939521623088,1,7,2,0,S17
0.867588143950389,0.726532754625057,0.5255072761767567,0.4739015372887423,0.6588651099610673,0.8384426081533991,0.4411014377162645,0.2574478346824376,0.4551850184071315,0.8362465194492547,0.5526479576311101,0.1538366016468486,0.7741458444158353,1,7,2,0,S17
0.8646118353824908,0.7130987084648851,0.517770289087757,0.4635128462124587,0.6572497155470299,0.8386283348953876,0.4039649897057683,0.2509854732951644,0.4630209248743226,0.8408372983116991,0.3182848550312253,0.1514156180016361,0.7749575431057228,1,7,2,0,S17
0.8598437127055482,0.7096595720814842,0.5078610828502467,0.4785314758000055,0.6573487196162884,0.8387282668619768,0.4806253473126171,0.2870981036630766,0.4595027809487664,0.8614906813244119,0.6437484417310588,0.1524509979427711,0.7756965656193018,1,7,2,0,S17
0.8626459148915628,0.7175686044582761,0.5143085128945019,0.4865430528862955,0.6567092203426449,0.8389437740101486,0.5436545488073687,0.2665363282416667,0.4594039248445024,0.8506978574600397,0.4640635824799481,0.1541818123243813,0.7770665423771191,1,7,2,0,S17
0.8645180214220273,0.7118758949245617,0.5164957146286513,0.4689922490563835,0.6561370357706743,0.8397201049902631,0.4706608560407892,0.268922801858849,0.4636311798011336,0.8518070491708728,0.4638489015253146,0.1538056551935492,0.7762219064535918,1,7,2,0,S17
0.8593443621749086,0.7045884626740826,0.5065921466420897,0.4975749113333416,0.6558414155250819,0.8409167137744435,0.5770716171958955,0.2768171106540553,0.4590106071655704,0.8580746964427238,0.4020727730299127,0.155107054414894,0.7745444818147061,1,7,2,0,S17
0.8573616847693148,0.7223591241741774,0.5038258341900663,0.4859413161514112,0.6562958339033212,0.842578683913975,0.5809645848661541,0.2643478147127652,0.4602357285560799,0.8462449663983657,0.5201906040861874,0.1501942793326286,0.7743366070338115,1,7,2,0,S17
0.8599966317466128,0.721658575877671,0.5086796552502653,0.488876603899461,0.6537078799407966,0.8430699877438812,0.5375813878920553,0.2851377178080355,0.4540356015734701,0.8603634216984078,0.4687379746770562,0.1493115218671576,0.7737160268806542,1,7,2,0,S17
0.8635502872687083,0.7226583017896141,0.5156773937402557,0.4724561579893501,0.6532189845026066,0.8435818415114958,0.4693956278462583,0.2884062004588165,0.4537589899323684,0.8611721745415317,0.4501216559121713,0.1482729013579769,0.7733899333727213,1,7,2,0,S17
0.8581672479926201,0.7258129378165776,0.5045363397477596,0.4759897468410034,0.6501560279184565,0.8450240293385097,0.4690788893180758,0.2828819646720381,0.4543335468512315,0.8583764026502584,0.5313638428173647,0.1460581348461822,0.7727768997867563,1,7,2,0,S17
0.0670001904818845,0.7666297218682775,0.0203245256730414,0.4741606218024263,0.6581532861042357,0.8457262250823504,0.4782399349760424,0.1746524904584293,0.2348419351539134,0.6221744810813685,0.5813253448700323,0.129176091960738,0.7610815358306213,1,2,2,1,S17
0.0920244586067107,0.7706843088707931,0.0272664693929055,0.4730437402259995,0.6577558792581301,0.8454532461225716,0.4879165279401624,0.2128240385001282,0.2390639955780786,0.7082891962437851,0.4393187774970398,0.1381065363896423,0.7616814521778538,1,4,2,1,S17
0.0930482359523023,0.7815083416343304,0.0280165109236943,0.4768247402557309,0.6585224728615447,0.8443351934832505,0.522831017644097,0.2169415461706254,0.2377517288088129,0.7040416486814483,0.5038503830553308,0.1147860068791165,0.7608574004956634,1,4,2,2,S17
0.095915030824946,0.7820013899272417,0.0283221681982068,0.4796546482349311,0.6578072268026034,0.843847436096495,0.5155305357901017,0.2126524250760059,0.2380263000387011,0.7002811475364639,0.5230028437014582,0.1075146567186602,0.7596957131794725,1,4,2,2,S17
0.0946846201735382,0.7847720139056217,0.0283163202852337,0.4764035166979533,0.6583045030819926,0.8436913440164506,0.5109079638487862,0.2125377252572719,0.2380862226574066,0.6990019240594707,0.4968357938623695,0.1077075008251778,0.7605010544486771,1,4,2,2,S17
0.0950259876866134,0.7888152244432649,0.0284094388607417,0.4731226937886294,0.6580370560743171,0.8436187148039807,0.5086193211994011,0.2162489226787633,0.2377768970991266,0.703330261084656,0.5142041655668558,0.1063869889364738,0.7608584784446182,1,4,2,2,S17
0.0959684089641879,0.7855636923499133,0.0287408959097926,0.4835078886031506,0.6583777297942659,0.843616722966047,0.5113541632955527,0.2234815471208116,0.2373605256017328,0.7092635567102139,0.4904299585447869,0.1051516459046052,0.7596309639539213,1,4,2,2,S17
0.0961171216233001,0.786842543272401,0.0285874699550602,0.4672296237145402,0.6588745004428732,0.8435966102610553,0.505220356198869,0.225650322086944,0.2368288199722956,0.7095282205562519,0.4807107561591427,0.102814872335983,0.7605058030767186,1,4,2,2,S17
0.0876494951511488,0.7977835104870549,0.027637302289715,0.4859154928321175,0.6589076337004235,0.8435970960751853,0.5169027237681824,0.2288618608063397,0.2357507232073654,0.7137769403663364,0.5170876428807806,0.1008959902089759,0.7609059109023137,1,4,2,2,S17
0.0987227151500486,0.7886120912590913,0.0293660566516979,0.4689772209257221,0.6601867513151036,0.8435816957672567,0.4645399276008031,0.2615524254568284,0.2386092074171875,0.7498692466854538,0.463066128286213,0.1023827679441561,0.7599490269632756,1,4,2,2,S17
0.0969599980766265,0.799790959865022,0.0294940401409348,0.4820829307989705,0.6599198143096026,0.8437530424109907,0.537094017736314,0.2611708371300376,0.2380529308635689,0.7504442738287809,0.4936087011753612,0.096279572480793,0.7593474911072454,1,4,2,2,S17
0.0967879329518055,0.795708173436146,0.0290438416159393,0.4590228952844339,0.6600003610867947,0.843788992656628,0.5226318855008797,0.2353704932534823,0.2407025381695885,0.7269872173661689,0.4973730609365393,0.0958122316542071,0.761001814764448,1,4,2,2,S17
0.0970398895577315,0.7873814412284532,0.028678667879091,0.4769640589413947,0.658945660285649,0.8437377392658882,0.5026710954811939,0.2196721889782364,0.2381210239438608,0.7033036389431835,0.5258201319036504,0.0892848271058812,0.7621998518550323,1,4,2,2,S17
0.0957273938278923,0.7860832431443207,0.0287188755822861,0.4810387455523436,0.6592329940935727,0.8437603296229441,0.5121801239309348,0.2185684087940529,0.2380842756987379,0.7022488080867442,0.5105841698753661,0.0882197543493149,0.7610616316401037,1,4,2,2,S17
0.099645044091577,0.7882150720259986,0.0292340041991532,0.4716935172943811,0.6596861916890668,0.8437229219349159,0.516137741809542,0.2190887443632423,0.2380085365212238,0.7025147987632642,0.4973401341616296,0.0877856656024728,0.7612032656458083,1,4,2,2,S17
0.071255444467922,0.7967503259247389,0.0230110320833222,0.4491725212674017,0.6610532006420662,0.8438419463968234,0.4588370055752309,0.231278980508629,0.2411763987921219,0.7240787931506472,0.4903297781575126,0.085268691141227,0.7608580411281459,1,4,2,2,S17
0.0704681383936635,0.7660475825294853,0.0219951641089736,0.4900329616311238,0.6604457366680346,0.8439711729554658,0.5515204127985989,0.2530416260315601,0.2395482403146718,0.746307723589573,0.553759263108448,0.0862972827313648,0.7615262379632646,1,4,2,1,S17
0.061392495744085,0.7772733486069755,0.0199371415296686,0.476305086935777,0.6607904683364633,0.8440038196650176,0.4820776650864364,0.2390957988772552,0.2365745636572363,0.728650632124766,0.4676199147521419,0.0866425550818366,0.7605054863470792,1,4,2,1,S17
0.0555622697783112,0.7760836563322554,0.0189686813795869,0.4701057910784504,0.6607099173093433,0.8441215324287733,0.4495188683837755,0.2354130358954814,0.2388028769000358,0.7261417685401809,0.48196318832367,0.0854799846054329,0.7603576418920932,1,4,2,1,S17
0.0572409918838118,0.7752286321042174,0.0191534024532273,0.4836248870833849,0.6603662937987521,0.844255860035783,0.5210833238401898,0.2338332922444661,0.2376949478228821,0.7242836757982705,0.4957510079229406,0.0842752266419141,0.7613028835650091,1,4,2,1,S17
0.0579911209040547,0.7752417860327332,0.0187437824362251,0.4690249078599294,0.6603539679748262,0.8442398281694853,0.5334635066076903,0.2386774090287567,0.2383069442907958,0.7280122485385125,0.5227924401909904,0.0854049788211872,0.7611949413817994,1,4,2,1,S17
0.0565810122805811,0.7737329702772572,0.0185089433160408,0.4618286532610148,0.6594601136100522,0.8443708036589965,0.4894645706637692,0.2353718029886252,0.2380841037413113,0.7254188450186345,0.5117420612040914,0.083295034418865,0.7602700070214945,1,4,2,1,S17
0.0623798568450349,0.7661212094478147,0.0195116658481674,0.4760791800111476,0.6603537938310164,0.844380422778775,0.4335349124969687,0.2358938593702773,0.2382150609033236,0.7302881233650719,0.5091399997360675,0.0836136477584571,0.7595501877387755,1,4,2,1,S17
0.0539283691613408,0.7639661240160933,0.0182861508668209,0.485758521041559,0.6596817673950067,0.8445653236367424,0.531187139301078,0.2385680950745076,0.238437455038102,0.7381180060915352,0.5091039326322078,0.0851492262968869,0.7621710509581202,1,4,2,1,S17
0.0356462253137528,0.7748667862677039,0.0141220141267859,0.4591658167632276,0.6593247693908738,0.8448474359021694,0.4679529540384774,0.1512574320807123,0.2342737852039416,0.4866068501960169,0.5526767862711185,0.2481301147808976,0.7604571504611186,1,4,2,1,S17
0.0589348485380337,0.7543510780548313,0.0185378860595923,0.4815781033508964,0.6589696293868916,0.8447555198687291,0.476896053025505,0.2310126130310661,0.2338252915686718,0.7024019761909707,0.5945738899195017,0.1077984749995252,0.7618829981906592,1,4,2,1,S17
0.0604976474414546,0.7579815984883842,0.0189455156417402,0.4753823108773033,0.6589191905399346,0.8446728343037632,0.4668844694021268,0.2366424660118626,0.2379034495042623,0.730197375043158,0.4192070841897659,0.1101178832620068,0.7594117834266229,1,4,2,1,S17
0.0591526553826221,0.7460874586283277,0.0184523170216084,0.4771686360294908,0.6578991618893999,0.8444932774012287,0.5613950812096898,0.235475909583893,0.2369088317962829,0.7226158016653114,0.5309172715893204,0.1024786597812688,0.7611636251903348,1,4,2,1,S17
0.0665890304049139,0.7468803861069427,0.0200440146028581,0.4907018522178654,0.6578929292683335,0.8444034017871351,0.5576033131381607,0.233548865521003,0.2367789040257134,0.7143814247222016,0.5044502220151794,0.0978002520151589,0.7612772377243228,1,4,2,1,S17
0.1176461047328626,0.7391332510684959,0.0313082987788239,0.4903450785597694,0.6588875421932209,0.8442497873591551,0.5231713218213473,0.2268588148555394,0.2376755415489936,0.7144638717348859,0.4913733736209369,0.0955999820209527,0.7593497651539889,1,4,2,1,S17
0.0681113836881316,0.7737695642059046,0.0205963015438071,0.4542122949898938,0.659213341368941,0.844345006928681,0.2790335392414905,0.228563707401939,0.2361444578945828,0.7154229083383921,0.5067505458388727,0.0952408644823744,0.758823469704894,1,4,2,1,S17
0.0523310430925723,0.7657106826576277,0.0179155636307173,0.4795835927504028,0.6581800691631212,0.8444693753460211,0.3129160305185035,0.2347798428929778,0.2372344677332396,0.7221835838511692,0.5333871449371494,0.0939979080452794,0.7579814530152879,1,4,2,1,S17
0.0501752012860127,0.7657180893221398,0.0169161563997322,0.4709039230454878,0.6575171894533782,0.8444229800965838,0.4277998578070896,0.2348684213625389,0.2345256748897736,0.7240529719242594,0.459116681565737,0.0948971826154176,0.7602427875100852,1,4,2,1,S17
0.0844909102952971,0.7567881051394287,0.0408607499109999,0.497842102770009,0.6602149149913648,0.8440286933484855,0.5741151495900709,0.3538049690927215,0.2713967657148749,0.8172902891372054,0.5016077263129481,0.0812457780065829,0.7588920619877108,1,4,2,1,S17
0.141191780657267,0.7859420457829543,0.0080397760319281,0.4792790440237052,0.6605407954702153,0.8438974749519091,0.5177806621383662,0.4406340803983138,0.2971608978363714,0.8961002346020867,0.4672164320620323,0.3197634344443448,0.757901873868819,1,4,2,2,S17
0.8934845437421683,0.5914159829775234,0.8294317486497144,0.4300007450088494,0.7059140283093859,0.8441927041988525,0.6665738026074782,0.4241902235396479,0.9873897980242548,0.6265238460711333,0.507284193365542,0.3913068330905397,0.7591931372544574,1,4,2,0,S17
0.8712085783541411,0.7031547823938878,0.5527022417702088,0.4711678950371059,0.6938301796685938,0.8443292179694485,0.3557185319083322,0.8507654572432193,0.2303652525356897,0.6780412024760043,0.6125090270298678,0.1681259343973229,0.7585709294304226,1,4,2,0,S17
0.8860459110257437,0.6861374858793992,0.5615165409087289,0.4671318915708994,0.6864518250079896,0.8445670239861981,0.3882836408162379,0.9477202279759522,0.2700184826305191,0.579916131987315,0.4679989782299895,0.1886806242298668,0.7582621166906545,1,4,2,0,S17
0.8875516088954241,0.6700106596211999,0.581321570121183,0.3872784566996952,0.6821079961828181,0.8453064816738279,0.478963861513447,1.0,0.3226483155154552,0.4025302344300051,0.246789569870163,0.1704396737910089,0.7568934590081022,1,4,2,0,S17
0.887228043783857,0.6320689725117234,0.5548618969869933,0.4798674339997404,0.6836422021159358,0.8462592117646304,0.4849341862597909,0.7545266119932295,0.2268431200304288,0.2904504789658663,0.8596774622923831,0.2948877611732364,0.7580872248643484,1,4,2,0,S17
0.8711422065627905,0.6490437804842065,0.5322481693713779,0.586140175110633,0.6882488968544248,0.8474457156149017,0.3251656575358813,0.1520964503140892,0.3189393599011161,0.7054650077417021,0.1522159282120798,0.1841871360892838,0.7578972073288035,1,4,2,0,S17
0.8556213473054235,0.6601117663113708,0.4844623739680957,0.4611800072733603,0.6907424486022854,0.8502692673398237,0.5493898690595146,0.1349592831814296,0.661824928249258,0.5552242711160805,0.3901179674346692,0.1522362846687355,0.7562294779807711,1,4,2,0,S17
0.8558354700528039,0.6800115134696302,0.5103034611137545,0.4881812521359543,0.6925456303932119,0.850732393950176,0.5703960256639145,0.0949353217704513,0.662037765612845,0.2886931183994115,0.6968252005990628,0.132721850763158,0.7570808789157935,1,4,2,0,S17
0.8992565918382138,0.6835961413027978,0.6197693810282991,0.4690221563646573,0.9041676046425412,0.8788210495878257,0.402404185496086,0.2732425714818104,0.4667236400959828,0.85732623576806,0.4685757499200689,0.1847192775599071,0.7864586176323324,0,5,1,0,S17
0.8962446442752423,0.6905260324604261,0.6089542061499789,0.481766845446285,0.903424553207864,0.8790909193371705,0.6464156130558968,0.2691903027782867,0.4692120782579331,0.852455568099654,0.4900504995969296,0.1823868614374996,0.7866118704343179,0,4,1,0,S17
0.897916944888066,0.6880568558732811,0.6139178132401599,0.4753264258595772,0.9020257137433102,0.8792968073655639,0.5165014385580962,0.2697340598049081,0.4674775692614332,0.8533972913601384,0.4880689593695396,0.182531076815342,0.7865919718511908,0,4,1,0,S17
0.8996481580789959,0.6871481347466227,0.6231235108709816,0.4741695726453998,0.9005005805250508,0.8796292985562963,0.4381179597583741,0.2706268597051274,0.4668904787330368,0.8522930004455354,0.4940225253801008,0.1799190623825795,0.7873069905445612,0,4,1,0,S17
0.8988719741976317,0.6880076354886295,0.6219090191674286,0.4787045960770045,0.8999372355438215,0.8797062029331126,0.4947216316614854,0.271605953094865,0.4659817750986506,0.8523614126015917,0.4922369649076238,0.1801531191163192,0.7873032830795827,0,4,1,0,S17
0.8972636543888047,0.6902252993846044,0.6114989048763378,0.4767410366841727,0.8973627132868245,0.8799598950719207,0.5667366922097898,0.2738994188782148,0.4626701105281703,0.8557306210741575,0.5037082363156905,0.1783555059922675,0.7864815829129184,0,4,1,0,S17
0.8990798622490845,0.6798585594957955,0.6196721403881862,0.4808563169123412,0.8979959357261823,0.8800990808202329,0.4830387337731397,0.2830464507951618,0.4671248845155992,0.8629139063033455,0.5149839233337813,0.1780522218274648,0.789186662024235,0,4,1,0,S17
0.899613034638997,0.7057251386503762,0.630402222631559,0.4809855360426153,0.8979324295457171,0.880063762132965,0.5385362857538353,0.2818210659044271,0.4685786655981165,0.8608596271885907,0.4797288660523641,0.176572565475802,0.7874653402723669,0,4,1,0,S17
0.9014687862405836,0.698027358503326,0.6358433449790085,0.4680796897655119,0.8979643041190779,0.8800404430547136,0.608510169240204,0.2805532036092056,0.4687250428574332,0.8589327973404883,0.4910953307942733,0.1748276186648506,0.7874101687554522,0,4,1,0,S17
0.9011627145110792,0.6841955087325104,0.6320952250942888,0.4751881929546674,0.8990100589725396,0.8802758685822252,0.4010245169334371,0.2817076613478185,0.4688758490544573,0.8602074981792939,0.5004748702185334,0.1729964411087842,0.7889396135337424,0,4,1,0,S17
0.8973483374445566,0.6912196902809562,0.6128200116279547,0.4695356468427814,0.8964350589231044,0.8802231091676816,0.4916882684899688,0.2782650656419663,0.468801549162871,0.8597763150971744,0.477006960694978,0.1738259013012373,0.7883113323808721,0,4,1,0,S17
0.8989257284717647,0.6866300203915437,0.6206935026234692,0.4738795067578346,0.8958149767417823,0.8801921142261729,0.4367117968682251,0.2797172209908701,0.4686998585029694,0.8595767839242296,0.5179148854311363,0.1713972287524664,0.7878082890054762,0,4,1,0,S17
0.8992819675545152,0.687567149278938,0.6207529531435957,0.4776420450902823,0.8954892895219162,0.8801541235611886,0.4526628253969383,0.2785483816766519,0.469079352154112,0.8585575482969952,0.4718508024630077,0.1707747917267333,0.7885414214446564,0,4,1,0,S17
0.8984894578167457,0.6874588308921684,0.6180636138818429,0.47504871774288,0.8946075047969094,0.880119825083594,0.5122853709440083,0.2746175206725341,0.4689440452208916,0.857649017397086,0.510937977132032,0.1702186386197236,0.7898115294538467,0,4,1,0,S17
0.9006428677113167,0.6881125824559959,0.6296575385424886,0.4763569166380114,0.897640470318599,0.880087081211216,0.5494004442924889,0.2747091287056977,0.4692319224757166,0.8558107286234341,0.479157053345128,0.169851378888402,0.7889934647825546,0,4,1,0,S17
0.9008596710386872,0.6916870640829068,0.6307411169150283,0.4722272167708569,0.8979774548441508,0.8800670170876376,0.448188122979806,0.250365511396261,0.4703451334279037,0.83802217196475,0.4962217621060316,0.170384276202147,0.7879465998000852,0,4,1,0,S17
0.899561532767898,0.6874360285326526,0.6236588604547969,0.4826874800276772,0.8974539795179299,0.8800358764018895,0.531390508824507,0.254452203262806,0.4683188272232633,0.8418659714009961,0.5141550685515803,0.1687596613879337,0.7883045980334455,0,4,1,0,S17
0.9003754369839443,0.6799045636602205,0.6274544157542763,0.4740762835211681,0.8971175732756085,0.8801435813945625,0.5047122058754885,0.2568987789793095,0.4665525415554981,0.8444718504089568,0.5085475724882347,0.1676903357546734,0.7872810564057495,0,4,1,0,S17
0.9010951283362546,0.6827561431782152,0.6304410669956673,0.476945730675642,0.8967305275053044,0.8802825728172223,0.4803718427471644,0.2579108681294504,0.4651678756878389,0.8443260858953926,0.5037342104517226,0.1683300341449448,0.7866413455490526,0,4,1,0,S17
0.9012183824957968,0.6810513091637682,0.6312702132039482,0.4734230287154685,0.8966361838714573,0.8802148503274678,0.4852579203076687,0.2571557583772462,0.4678439595726839,0.8440222338797051,0.4998521257158909,0.1678966984645665,0.7883834663662896,0,4,1,0,S17
0.9002957081246836,0.6844279227084612,0.6278352763135249,0.4750313934181261,0.8952640234077135,0.8804635871621477,0.5267710971280405,0.2569482646550837,0.4675809235613624,0.844108681115922,0.485263965202486,0.1663154603081302,0.7894369949496173,0,4,1,0,S17
0.8984800775491757,0.6796604651442547,0.6188610516817303,0.4790942516348865,0.8951671782449824,0.880459700649106,0.5940986699536563,0.257702182196771,0.469160237475362,0.8434017622257528,0.4873396331204808,0.1658105030664698,0.7874510259855729,0,4,1,0,S17
0.8980921772399634,0.6879351317900808,0.6157198332574156,0.4806662841474777,0.8944759915597564,0.8804812222150752,0.5728519346007716,0.255225583825749,0.466834973270479,0.8415596318247001,0.5225462070217748,0.1649222504602249,0.7883692051163912,0,4,1,0,S17
0.8988089148524215,0.676245812478136,0.6159353634487854,0.4691372608337145,0.8962204512624203,0.8803904235541344,0.4626744253066066,0.2574938111613983,0.4638755081670398,0.8426303224125378,0.5111891765087562,0.1653230972153603,0.7886018893661481,0,4,1,0,S17
0.899294476668324,0.6697728681307982,0.616375300291687,0.4769327444593068,0.8971702708273325,0.8804065525832583,0.547036012759285,0.2598053406877812,0.4615465141466164,0.8459539517890704,0.4785673357769899,0.1649391126557937,0.7889532304095387,0,4,1,0,S17
0.8993023039465635,0.6599090948756655,0.6168546008051561,0.4801763973910518,0.8968794563813234,0.8805393741664646,0.612204860896277,0.2505491289273095,0.4627316465966234,0.8392559534280757,0.5352875702208881,0.1620581762524968,0.7881788601977603,0,4,1,0,S17
0.896719750266456,0.6742279686316218,0.6098353545228199,0.468823022294856,0.8995192525608027,0.8807679011333266,0.4743903761238547,0.2734509602429863,0.4673453106401596,0.8543034132629894,0.3954152491275635,0.1633552770517984,0.7877926614138147,0,4,1,0,S17
0.8963137351677675,0.6871004343482547,0.6078417532407551,0.503104975027385,0.9015546344845252,0.8811498967839299,0.6301833888483976,0.2767530277874125,0.4680563873871221,0.8592517217981718,0.4411429864021104,0.1646492802815504,0.7867156621384244,0,4,1,0,S17
0.8952393000759895,0.6872171308427087,0.6015410607126084,0.4862866366602383,0.9002170618492735,0.8814031516900209,0.4882917083047596,0.2749082279179062,0.4627090223869832,0.8577147416395738,0.5131290822646963,0.1654851397279021,0.7889572632680009,0,4,1,0,S17
0.894573228636207,0.6901587498251368,0.599943214560956,0.4750847257838717,0.8997735579824729,0.8814819507419451,0.502614239485144,0.2723930972387207,0.4618779203622343,0.8577828356608015,0.525431058877495,0.1644872656580853,0.7889733095430641,0,4,1,0,S17
0.8944778220523568,0.6903790714054803,0.5997862717921978,0.4754985590333359,0.8985072555291203,0.8816557750377428,0.5037489595346554,0.2739270114628895,0.4613178561823043,0.859725886451687,0.4999275257403794,0.1630619240839395,0.7878258347856043,0,4,1,0,S17
0.8963161955295478,0.6854351830270731,0.6070537431559888,0.4702551186264793,0.8992514588996305,0.88174346448825,0.5304500864106277,0.2766835435746,0.461188391668931,0.8592766086011989,0.4825086910182182,0.1631473963077073,0.787658834113173,0,4,1,0,S17
0.8962426150167304,0.6807747792498625,0.6049602058634123,0.4791449184343591,0.9000798237395841,0.8818298422406058,0.5732237894172673,0.2673147497921984,0.4641018729046566,0.8538385630109271,0.5087789296207061,0.1619761126749086,0.7863143947667097,0,4,1,0,S17
0.8946961597976728,0.6908637921075782,0.6012173686801152,0.4772768718393119,0.9005521705818196,0.8818306681246272,0.4509889898799259,0.2979506859846015,0.4615321081854722,0.8685826854339769,0.468003119326481,0.1626087721030954,0.7888119437844127,0,4,1,0,S17
0.8956596031941022,0.6962303903160901,0.6035586900555827,0.4765678593557129,0.9006621146735103,0.881809778117027,0.489760715904477,0.2919025104032591,0.4620828786403361,0.8658227729841808,0.5281056058464847,0.1598792831572351,0.7876457653897635,0,4,1,0,S17
0.8940549763229599,0.6993710975823854,0.5997823126233699,0.4759093192294494,0.8993611195071594,0.8817738278713896,0.5224355148857777,0.2976876501817475,0.4611459935424958,0.8688696138002341,0.4730106282560834,0.1604007345032343,0.7873864214855647,0,4,1,0,S17
0.8904524355884824,0.6994714643596724,0.584683858636289,0.4756143085716398,0.8968661090066892,0.8817929689481209,0.6244424236543565,0.2962093055098848,0.4613539092181855,0.8669537671988283,0.488816002673644,0.1591387655302763,0.7876659664613768,0,4,1,0,S17
0.8919195919428238,0.6994371187142024,0.588927710882712,0.4725304447299635,0.8966991697561765,0.8817536665849851,0.519077612680465,0.2912155417854609,0.4615828854469486,0.8665602783105976,0.4951411320183161,0.1582979967019726,0.7865348563762629,0,4,1,0,S17
0.8874233441780699,0.7035528125146167,0.5760041273515599,0.4871643319533208,0.8944961502993598,0.8817738278713896,0.6085169455483895,0.2912242129466547,0.4614826356003852,0.8667483042703406,0.4940254308871503,0.1565239577810058,0.7875528954877203,0,4,1,0,S17
0.8896427087921353,0.6991104400327182,0.5815062596321992,0.4738612812689891,0.8929973001792488,0.8818567077620079,0.4201936990917,0.2935148632323229,0.4614887038504306,0.866782629882318,0.479754778617299,0.1569452003704636,0.7859791381661567,0,4,1,0,S17
0.8909891064937738,0.6979769108789388,0.5855760108881063,0.4672389483780536,0.8914922121049779,0.8817983129035537,0.4248745962498547,0.2950670309880428,0.4613676150327385,0.8671111501042487,0.521803653739886,0.1568461034160533,0.7867515380394055,0,4,1,0,S17
0.8876278751105681,0.7056266871888222,0.5767666203362556,0.4740242171000231,0.8915650184567292,0.8818728367911317,0.4910691666608908,0.2933053331299739,0.4617079374749838,0.8661418970213839,0.4653078541908975,0.1571946293713269,0.7887106941289257,0,4,1,0,S17
0.8854775897533591,0.7085718511571008,0.569475334367642,0.4863854765290284,0.8915842569836616,0.8818635577412441,0.6167676925135351,0.2974089431978829,0.4611529269686095,0.8680808165002333,0.5013753942644905,0.1580303541650211,0.7864471037010701,0,4,1,0,S17
0.8875583190240247,0.7032786062464598,0.5758699183586896,0.4723291385402369,0.8915711346988381,0.8819336607202367,0.4951216643127158,0.2916372553523906,0.4617843723166007,0.8646595718136367,0.4853685734679928,0.1567353773170478,0.785503918236742,0,4,1,0,S17
0.8894107215114111,0.6939581649904771,0.5809755330628994,0.4677383757454026,0.8930197032768261,0.8819456603292536,0.5165024826437501,0.2762303489068898,0.4648219470066594,0.854916794270937,0.5093862889363376,0.1563054833906154,0.7856185259644846,0,4,1,0,S17
0.8893623465774692,0.6802859599991253,0.5811480123356647,0.4677757140934615,0.8943666370587111,0.881975294991198,0.4499647338216996,0.2878047085377891,0.4648644364689751,0.8580426609924856,0.6401051781201141,0.1603485138378891,0.7863882481626207,0,4,1,0,S17
0.8973871081122357,0.693031121108484,0.6001731806133728,0.4887184324997685,0.8931475120986467,0.8821854581839372,0.5769342936636166,0.2540276007031273,0.4693266181396703,0.8415634488610796,0.6373492009364388,0.165141586223815,0.7854506351961531,0,4,1,0,S17
0.8944863838142638,0.697119606699169,0.6023640948645197,0.4596266576373464,0.89426002357617,0.8823346517033321,0.4576645837142251,0.2487874290144988,0.4729219901821668,0.8381591156235966,0.4049106191389771,0.1551552641279463,0.7852925349126768,0,4,1,0,S17
0.9070431638561548,0.605990758831441,0.6708877853651379,0.4794384561721711,0.8260056602415247,0.8580918464648569,0.434453595290895,0.310274491891955,0.4541426094391188,0.8738185145803778,0.4998257749718544,0.1375812291192255,0.7221367941227522,2,4,1,0,S17
0.9068695173559612,0.6095814988622277,0.6680823852973883,0.477641990288295,0.8257425889868766,0.8581284282688634,0.5229570071885349,0.3108655199504389,0.4539828068555837,0.8744508761082822,0.5383340314243446,0.1368748479200686,0.72109549927362,2,4,1,0,S17
0.9068667349406404,0.6058086855685045,0.6667826793350878,0.4694558376908108,0.8263423776474557,0.8581464033916822,0.4875425048815648,0.3104948327809991,0.453923257639768,0.8748323894215198,0.508923575403073,0.1351574626937619,0.7226276461290626,2,4,1,0,S17
0.905822083740166,0.5747729545222273,0.6457862316298442,0.5019601204672792,0.8289620870924437,0.8579890967763122,0.6007508547523751,0.2992621224074531,0.454502999760621,0.8709996629732337,0.4982776860401225,0.1383133675084669,0.7210623656679417,2,4,1,0,S17
0.9014982304353604,0.60493858369718,0.626006473229243,0.4790008943525475,0.8287819355647996,0.8584390578237352,0.2035405201885852,0.2988825863047903,0.4545457177980371,0.8716364286677979,0.4798125015628064,0.1362005871153652,0.7228826757963726,2,4,1,0,S17
0.9042041357868618,0.5998220952448259,0.6369311945927048,0.4754768963164956,0.8289400347212812,0.8585100352681624,0.3091781763115063,0.3222009452389868,0.4523001672808864,0.8813785754455484,0.5163509745141841,0.13799493118702,0.7216791182876923,2,4,1,0,S17
0.9043535742920804,0.5966733086956572,0.6434721306426441,0.4694205367661941,0.8304449389500496,0.8585191199923979,0.5642421308805963,0.3252795097841373,0.4535120791861046,0.8826243734317039,0.4767002099382526,0.1380839026594254,0.7231734091768323,2,4,1,0,S17
0.904511832194606,0.6034628624670053,0.6463757129598172,0.484102565319953,0.8310981475111506,0.8585864052494354,0.5559660231387529,0.3431233330610647,0.451390826830736,0.8891964866191056,0.5577223358370926,0.1427464361970973,0.7225500426709367,2,4,1,0,S17
0.9050954379623428,0.607424042129344,0.6438583233863691,0.4580018671499291,0.8311021307940867,0.8588492306938921,0.5449740294080637,0.3221272315990029,0.4567227739807629,0.8814799318818081,0.460835185401136,0.1443007475148437,0.7216915622470171,2,4,1,0,S17
0.902552397507101,0.6115955546327421,0.6306811420785767,0.4929672682074114,0.8287344370599506,0.8591088011836764,0.5910755131068337,0.3125947828914494,0.4589772004506359,0.8773958277095029,0.4863297208735571,0.1390810680387183,0.723155786114839,2,4,1,0,S17
0.903309012308202,0.6143340376323779,0.6350450763995354,0.4796619045501393,0.8285639062394446,0.8591237156774746,0.4286502776511282,0.3114736321811338,0.4577321855230831,0.8773471189085515,0.5305083423096338,0.135418898279408,0.72252436441963,2,4,1,0,S17
0.904608173437305,0.6045583863877599,0.6431782836523205,0.4848445890745013,0.8281789517925381,0.8591183717220421,0.517354115432492,0.3283901859739981,0.4551031540272765,0.8851709339092693,0.4074960604296632,0.1394976286176133,0.7240613320332918,2,4,1,0,S17
0.903924504870022,0.6074896623528715,0.6425298018769907,0.4801055895611125,0.8293363122756447,0.8591034572282439,0.5426457658799808,0.3384447979423667,0.4544164184511148,0.889710037647389,0.5099603864260619,0.1410643276750241,0.7234077947852234,2,4,1,0,S17
0.9041208717692952,0.6052436144833715,0.6418390245495585,0.4769322225507237,0.8303247067693068,0.8590502605809832,0.5487313635010143,0.3430741780014128,0.4533813005464869,0.8895453361204839,0.4430184379425005,0.1363579039362024,0.7242411769643865,2,4,1,0,S17
0.9022030148502168,0.599224047941551,0.6292857504025547,0.4887658083153182,0.8285683214131196,0.8590051770296974,0.5760533210354291,0.3682005369340964,0.4452214820797186,0.8966019305227386,0.5043299089307812,0.1370017058814432,0.723611246720812,2,4,1,0,S17
0.8995852783357405,0.6189068696530289,0.61520848249453,0.4834725953626823,0.8287874352065935,0.858767808245665,0.5999004213391451,0.2945612218234026,0.4474926805481745,0.8492519989041133,0.4743216685492566,0.1408482574246317,0.7239104650035442,2,4,1,0,S17
0.9011373150269196,0.6134681038990382,0.6219265428675435,0.4862109751619967,0.8281426719067939,0.8588142520765151,0.4529234101250343,0.2435601096218178,0.3755919881310364,0.7249318667405169,0.4912100827175125,0.1314341420675661,0.7240131716626843,2,4,1,0,S17
0.9004512659118005,0.6243544510327416,0.6183459035216293,0.4797542059007728,0.8264812975364522,0.8586604919042962,0.5807737645974491,0.2182295187256177,0.468687211108017,0.8109990956870128,0.4736322439468014,0.1305959460102935,0.726151652656034,2,4,1,0,S17
0.9020310144565448,0.620317082914285,0.6275975638382221,0.4747445942343991,0.8260434700763711,0.8586764266077677,0.4387094888801247,0.2193408040531979,0.4724670846828795,0.8175143107474111,0.5409403039231948,0.1297266636011338,0.7250331235098726,2,4,1,0,S17
0.902535921675151,0.6207720550796638,0.6287939034336059,0.4709426690688417,0.827284882962458,0.8586451887591937,0.447696703524673,0.2190462637757054,0.4692696948243186,0.8146569887329229,0.487834205402467,0.1303160121098259,0.7250179837520528,2,4,1,0,S17
0.9004373805653878,0.6263366317109458,0.6197833443988624,0.4810573511372045,0.8267170080910766,0.8585391355345635,0.5481772018804814,0.219276858303086,0.4693042399776984,0.8159897205091582,0.4830173559664689,0.1308673926193747,0.7254025778726367,2,4,1,0,S17
0.901062946434193,0.6257758879181744,0.6251461019991387,0.4837868777970635,0.8268162711778512,0.8584638829257903,0.5765500369358713,0.2258921071307701,0.4696907323600341,0.8219369260471772,0.5325411530200765,0.1293368584107858,0.724122765877293,2,4,1,0,S17
0.9026581097949582,0.6226052116825672,0.6316421583084757,0.473326337395816,0.8267361477333584,0.8582602296423959,0.4984681392322458,0.2258760554123402,0.4700623748438987,0.8218331461787459,0.5450248599092187,0.1282655259943044,0.7277165306913899,2,4,1,0,S17
0.9002202831478816,0.6239209746218247,0.619239755784361,0.4890045618640428,0.8247922755654314,0.8581036031668086,0.5948915055957014,0.2246854902289654,0.4709093159264362,0.821502958916523,0.543597121999763,0.1270516700162077,0.7259157115840318,2,4,1,0,S17
0.901632072754259,0.6206286893246454,0.6230627116265508,0.4644039710515277,0.8257258583773509,0.8575083836944453,0.4613750816061742,0.2268099391639913,0.4705305350366636,0.8320758604809992,0.5427344486292248,0.1254288301838313,0.7248763853799911,2,4,1,0,S17
0.8987720331803988,0.6255815531330732,0.6116522813480791,0.4797990655030927,0.8257491989510332,0.8574570331408797,0.5641094950287556,0.2267066607588012,0.4664093431807223,0.8063235358258491,0.4929913742133238,0.1268027358826234,0.7255078055596649,2,4,1,0,S17
0.8990338993332194,0.6226827559035667,0.6094219679178482,0.4894758319555597,0.8252280035158803,0.8573466075890773,0.5290857043390681,0.2267550022254465,0.4729644648541053,0.8461089768051391,0.517730428012601,0.12582513264625,0.7245151811889257,2,4,1,0,S17
0.8958554430346274,0.6491307748940718,0.6014887173892343,0.463688521177012,0.8291420624962567,0.857178030085886,0.4511217810301076,0.2470690161444834,0.4618331080116746,0.8937334727722228,0.4691211899812634,0.1161013472318997,0.7257133290612575,2,4,1,0,S17
0.9033145776034406,0.6302134280242168,0.631394677340581,0.4935744226993236,0.8293243970998601,0.8570817417252737,0.6063407763556784,0.207425234443992,0.4601873858638207,0.7746671443604852,0.4696231713081942,0.1271033757250515,0.7253551540310917,2,4,1,0,S17
0.9049431433879715,0.6333318293942484,0.6475699598480047,0.4756691777708944,0.8301570471670434,0.856877699790575,0.46766466216425,0.2629154230693458,0.4531460967037022,0.8321682930417641,0.6402640271021645,0.1297983182800366,0.7265407143020399,2,4,1,0,S17
0.9031134272639734,0.6468380188559775,0.6352729661968239,0.4806877030109297,0.8271978669848776,0.8567228222458566,0.4258111588465924,0.2582613979264893,0.4556168933111491,0.8429966678918959,0.5193158259356905,0.130134757236471,0.7247132256350856,2,4,1,0,S17
0.9021315924321398,0.64050627950637,0.6291229693679085,0.4778296545270821,0.8266331649452803,0.8566588405249047,0.4421749968232584,0.2362763350327869,0.464877425118835,0.8289750038946697,0.5332422361273572,0.1287751885596433,0.7233476339024543,2,4,1,0,S17
0.9017024999125588,0.6432530978958494,0.6290103270156918,0.4813935875289719,0.826080619379344,0.8565652241420085,0.5497856330086721,0.2265233018795102,0.4659831832846375,0.8221201967558129,0.5340289001032533,0.1189800322934212,0.7257905156930032,2,4,1,0,S17
0.868294261200513,0.4588626282988873,0.3823659179231336,0.4988062503735633,0.7913004024329477,0.8344674912522275,0.4337590860578184,0.062822550040142,0.3097182039122222,0.5591138397014709,0.5532977224375466,0.2395567177948123,0.8491195876614693,0,4,0,0,S14
0.8772678596535866,0.4538917930396401,0.408641428873287,0.4271853607884099,0.7968557469959727,0.8346029274798966,0.5667282822443092,0.0551942228918358,0.3281095732076757,0.4502112364861264,0.4010247826747017,0.2504575916115706,0.8508525518343937,0,4,0,0,S14
0.8925923853978421,0.5118483738054188,0.5045170152058835,0.3848510859330119,0.8097507761133578,0.8345588407834557,0.3560211502840168,0.1679537455425616,0.2684421833271703,0.740576107638985,0.5392614697017809,0.2500952131059058,0.8508628333090553,0,6,0,0,S14
0.8301262703793268,0.2983853201665916,0.3200641839251072,0.3742897911381962,0.8089518235202049,0.8342101766411709,0.563279248568428,0.1585239123943485,0.2470689606812666,0.7092001523939776,0.5106425416622233,0.2610220764811681,0.8516518445061464,0,6,0,1,S14
0.8434195459571157,0.3817934843523626,0.3255724192311027,0.4046668425818447,0.8063338832999183,0.8339830116418744,0.6326636308552096,0.1341068611960182,0.3055525802453137,0.740754270397092,0.5292800798594655,0.2626475332507762,0.8499820753212017,0,6,0,1,S14
0.8478218230599868,0.4062496271189794,0.3391324526198901,0.4985862763505634,0.8004263453134511,0.8338493768061027,0.4841197887123906,0.1825632126775173,0.3588573778663414,0.8022203838820428,0.5004520224518079,0.2626218288816571,0.8491482896236355,0,6,0,1,S14
0.8978824014092717,0.3634904328861478,0.4617284002714186,0.4157422706168919,0.8107027989891761,0.8323893486731017,0.3963558611841128,0.1067113162030511,0.4204448081389252,0.7492865998399614,0.6525992202344184,0.2771491897868393,0.8511374435030399,0,6,0,0,S14
0.902754453506024,0.368875278780428,0.488616171437614,0.4211237227112968,0.8069837055776543,0.8320790826212657,0.5535153322874208,0.080718118693636,0.3746181993537792,0.4733278576803642,0.2293032544443901,0.2443287950582439,0.8494526518677702,0,6,0,0,S14
0.8944911994465273,0.2548101235147407,0.5191265936044469,0.4352656017135743,0.8048056631510329,0.8307400795807535,0.4688625243965569,0.0902958068604829,0.4320411722703615,0.7126963600758279,0.5703990228719162,0.269842884502382,0.8495582955232869,0,6,0,0,S14
0.8938716780247462,0.2458309844049792,0.5234562959030239,0.4653799773567092,0.8027991382369263,0.8304476852327437,0.4528236297907391,0.0887041461980574,0.4313073165982429,0.7004398806490207,0.5515623711317588,0.2706550305488379,0.8516425531546945,0,6,0,0,S14
0.8945130078353979,0.2517176009483678,0.5268913166520609,0.4341879108812284,0.8000731957836937,0.829744857962382,0.5328326396409427,0.0858009674675116,0.4304631005860595,0.6979235330754702,0.5258743133892014,0.2731545466068742,0.8498539700361342,0,6,0,0,S14
0.8947922836799833,0.2509363654928572,0.5262736062073492,0.4557096172973833,0.7996664842478842,0.8294133070431247,0.4401142605415301,0.0918207293729977,0.4283733156303426,0.7066119875012203,0.6637815161040674,0.2735933566682675,0.8494509806272162,0,6,0,0,S14
0.8944096242030473,0.2506305260996835,0.5249312670549994,0.4325407319555901,0.8006800342961309,0.8292946996081829,0.4308361741472393,0.0865536846761532,0.4287604652015605,0.7009102634418033,0.3282272240728914,0.2739290589485668,0.8493630033086189,0,6,0,0,S14
0.8930655796895784,0.2440018291861683,0.5423944991465752,0.4448352757111531,0.8018228373259455,0.8289416742013043,0.4744384226907943,0.0841064676167943,0.42867153794399,0.692558752555126,0.5191450552040187,0.2767204613291499,0.8484880716870882,0,6,0,0,S14
0.8922315791892441,0.2432132288085798,0.5421497465539068,0.4640575934601759,0.8038035228114517,0.8289241343328275,0.5495169859417788,0.0854860077135312,0.428646354162874,0.6959169152427606,0.6325667264033659,0.2781641126399923,0.849031963049816,0,6,0,0,S14
0.8925053954548081,0.2396813632163343,0.5406294307579129,0.4315745337217656,0.8009102402546453,0.8289114771844943,0.4170052356622661,0.0801622013813193,0.4287912639343217,0.6884163240277088,0.5340947052960789,0.2779056121649326,0.8504293804593224,0,6,0,0,S14
0.8920310528302995,0.2442986023446545,0.544567201276817,0.4591358847582794,0.8017383046590199,0.8288436879630849,0.5541037282898458,0.0827581059305527,0.4292080148592889,0.693008303246868,0.5791988338164071,0.2743998912407401,0.8509128310440505,0,6,0,0,S14
0.8908542704215945,0.240140389690994,0.5481838759243323,0.4663439196438648,0.8005410567472898,0.8289973751349797,0.5377212659381145,0.0775697399275419,0.4286893704432875,0.6840884983533645,0.5532737440290142,0.2738826309976604,0.8496054546080251,0,6,0,0,S14
0.892079165828922,0.239053082290444,0.541679075370207,0.4573068866274401,0.8003706084577997,0.8291205334547153,0.4640219103626593,0.078469275145941,0.4287356979703858,0.6828373243639932,0.5260552370119264,0.2792599527659592,0.8516490601346163,0,6,0,0,S14
0.8914247662852551,0.2404527445924633,0.5468562619204149,0.4446501958151793,0.8009437114678821,0.8290957406135987,0.4641041930087721,0.0798524648594355,0.4286745593577657,0.6841779017210923,0.5614949606207592,0.2763252160851855,0.8511015905107218,0,6,0,0,S14
0.8920068051754182,0.2403389358057799,0.5425935889440963,0.477490836271073,0.8003849807010527,0.8291445678150335,0.5276151273365234,0.0781599065261835,0.4287763863871451,0.6838242665857099,0.5150993101805965,0.276650809121291,0.8506351840152389,0,6,0,0,S14
0.8925718754656964,0.240358968451632,0.5356390575450627,0.434028671452197,0.8005444550785716,0.8292499492410429,0.3907279393702477,0.0807878335390683,0.4292590479222987,0.6910371758294638,0.5863140636225077,0.2816356897265479,0.8508129621134062,0,6,0,0,S14
0.8910677654020007,0.2409652805891316,0.5464871489640146,0.4512293479777942,0.8004586691693294,0.8293798390778693,0.5402910767236406,0.0816735560961605,0.4285447084312659,0.6889792569198108,0.5637796021598644,0.2793859229355332,0.8507232344074396,0,6,0,0,S14
0.8926498181862548,0.2404578341808297,0.538509348250177,0.4596852167723548,0.8005675885091701,0.8294046319189862,0.4722207139311007,0.0783682354432395,0.4287542615624322,0.6841123864886255,0.3684095044968435,0.2812176733858946,0.8496269122083118,0,6,0,0,S14
0.8924133999376319,0.2421042137355428,0.5429516739513183,0.4444288518386902,0.8012986882403283,0.8295348535911623,0.4677807716400234,0.0797150936259375,0.4286950401345881,0.6830809683478496,0.616738145561153,0.2785764737700953,0.850452704790069,0,6,0,0,S14
0.8917969661578622,0.2391887001232151,0.5444840944933698,0.4497578453576942,0.8029426264368662,0.8300492931930756,0.4150966168660881,0.0779633156375867,0.4288007754201465,0.6833212241181778,0.5482560425814298,0.2818309532830362,0.850984173915028,0,6,0,0,S14
0.8917963558836405,0.2408110445003407,0.5472602406077284,0.4550714754054372,0.8018353384890635,0.8304670264931179,0.468633701030373,0.0781823148638354,0.4290168062979141,0.6795679794751743,0.5028593596803734,0.2820041976079067,0.849488131784267,0,6,0,0,S14
0.8918843168394377,0.2394871128310341,0.5459492355632926,0.4629804003866426,0.8016974161130188,0.8305907536734529,0.4962430846298518,0.0766850963690388,0.4285676271910195,0.6740056937915131,0.5389104402926365,0.2850213012379911,0.8505370616118838,0,6,0,0,S14
0.8908388197653168,0.2408960981370272,0.5475393190838074,0.4693706746503746,0.8016113323495014,0.8308541361309012,0.516409969989139,0.0769561985531862,0.428579076269467,0.6755053548925438,0.5329787120473676,0.2840963684560874,0.8507139425080286,0,6,0,0,S14
0.8922465649731124,0.2399034073157302,0.5458750825989944,0.4332777964595193,0.8014565191319927,0.8310449888619462,0.4366708865714725,0.0771830999973939,0.4289289262886183,0.6749299395635282,0.5484466050085253,0.2862904366494656,0.851931972649878,0,6,0,0,S14
0.8924860943131183,0.2380475738143054,0.5374765481121382,0.4270167604204148,0.8003242633374137,0.831869220465196,0.4044860748942217,0.0748613811524821,0.4287544986820568,0.6774357726047053,0.3973712553218912,0.2845592566222273,0.8506771618103705,0,6,0,0,S14
0.8934116627457858,0.2449313542743158,0.5373807300930071,0.4518980861056657,0.8019827947066558,0.8332831708896586,0.4699355643139262,0.0768821740350851,0.4286991909706084,0.6801036127286988,0.4961777928227581,0.2835027753901415,0.8520574303164897,0,6,0,0,S14
0.9030083697418502,0.3257503701149817,0.5306194073988062,0.4070985066588317,0.8657250292859516,0.8404061588830498,0.5575483687387012,0.1630704553274574,0.4412081867050992,0.8112103577398674,0.5341958171019578,0.3713670660907648,0.8911648254095614,0,4,2,0,S14
0.902127870002177,0.3220933972135213,0.530995971640961,0.4645264964899698,0.8630921012648085,0.8406849953867775,0.4280205144625285,0.1637482878213037,0.4408146834259807,0.8113616234661808,0.5401646765188834,0.3685841705041815,0.8905602139610902,0,4,2,0,S14
0.902557036467854,0.3213163188029965,0.5321826147655835,0.4697866017749627,0.86326607539373,0.8408348901546773,0.4785311389084348,0.1642241549865712,0.4394972507357361,0.8114203787184144,0.5373979291848623,0.3703846825625507,0.89102981474821,0,4,2,0,S14
0.902696065524954,0.3283252249536179,0.5294452236593851,0.5058996467832529,0.8632055322628341,0.8413524584898865,0.4445196991693702,0.1696018576621493,0.4410088145840609,0.816461566894672,0.5317908032350106,0.368471445555126,0.8912054605198276,0,4,2,0,S14
0.9032456060014374,0.3266905437293751,0.5284293111498846,0.5032033306719375,0.8586961274061233,0.8419710943915607,0.3798914432536174,0.1720437893960826,0.4414576978387626,0.8184159301280884,0.558640258154756,0.3665492204743411,0.890607264240033,0,4,2,0,S14
0.9026764491715364,0.3194258589722533,0.5267068685362866,0.4568945340845097,0.8579198461325301,0.8424907959540168,0.4027880711114894,0.1729315435514151,0.4426033257389677,0.8195154112458454,0.5402720920519671,0.362710797849433,0.8911028436824179,0,4,2,0,S14
0.9027604254222124,0.3223338530715001,0.5264825759692036,0.4821405324038573,0.8573858887773029,0.8425409030918,0.4340013911623723,0.1736399386310994,0.4427507863422116,0.8199068034216447,0.5370181252183895,0.3659249270674114,0.8929462870566484,0,4,2,0,S14
0.9026513592489896,0.3274428709187312,0.527550401561818,0.4697191249538437,0.858639299184419,0.8427065363362787,0.5573489146750696,0.1739968525509659,0.4428671965114077,0.8196882827396952,0.5393492416613695,0.3660112381341217,0.8915006027370816,0,4,2,0,S14
0.9033613205690192,0.3235439801436525,0.5249798273664732,0.468580874557252,0.8576156766444649,0.8430611735148555,0.3966071956677305,0.1720277173444029,0.4414651073089837,0.8197823467146141,0.5411977760405613,0.3653885652853027,0.8932853140180578,0,4,2,0,S14
0.90320910465529,0.3254682157297417,0.5236599860852501,0.422705285047942,0.8559205713260327,0.8434814192825445,0.4312370883536405,0.1749221706447832,0.4424814368891753,0.8210114574736136,0.480201263667446,0.3660133739061599,0.8928574462750294,0,4,2,0,S14
0.9030020353838952,0.3256004601071595,0.5245709579820942,0.5013362697908819,0.856954704538514,0.8435966135538906,0.4163124561965954,0.1793471766748707,0.4433903419824753,0.8262523406453605,0.7133374722296248,0.3640490980241257,0.8915364492193109,0,4,2,0,S14
0.902484387454808,0.3264930195334593,0.5280981433891265,0.4428580273766089,0.8571744256977265,0.8437745721113531,0.5663640607313455,0.1756474886028812,0.4422841012177299,0.8222388826043873,0.4036802451133792,0.3659088073911997,0.8927905457231952,0,4,2,0,S14
0.9026060612406728,0.3249849471521426,0.5094337924682522,0.4845090220957187,0.8495952001533207,0.8457979618578018,0.4312225226832115,0.1838867994044734,0.4433597888534892,0.8318925805518382,0.3090852070830542,0.3645607553554126,0.8944242471536578,0,4,2,0,S14
0.9028836109657414,0.3250350142965948,0.5092812323653814,0.4756384787759143,0.8479133619529856,0.8467449725403878,0.3700851542105277,0.1861908475482315,0.4414317022264433,0.8338919503383873,0.573330758132853,0.361335824547829,0.8949020131096816,0,4,2,0,S14
0.9027026987436152,0.321177092121644,0.5085179095370576,0.4652688568774684,0.8457196266627858,0.8469744603871314,0.4594282950833244,0.1816961412005908,0.4424007111706969,0.8292112676010688,0.5266689438491227,0.3620602305193349,0.8957404553596723,0,4,2,0,S14
0.9032254435852848,0.3255661657524887,0.5144878361556187,0.418362799413981,0.8480326421232581,0.847296103650952,0.4641218722207562,0.1833588664168065,0.4416236418322987,0.8310431547599482,0.21893941648687,0.359855111539563,0.8971171843498554,0,4,2,0,S14
0.9031721666783092,0.3251429477349188,0.5134529656254454,0.4861233840565937,0.8473675913110914,0.8473916722316244,0.3706359196398489,0.1907407957356065,0.4453099194994842,0.8374359660141133,0.8509820288909272,0.3590015873309338,0.8962164708174122,0,4,2,0,S14
0.9020492657670184,0.3273163530856521,0.5113388588784287,0.4865425326630889,0.8495273474017244,0.8475294313067406,0.5062953572190414,0.1874632637538988,0.4436039898419223,0.8352074600012298,0.3357500940461979,0.3614237190623199,0.895855507530982,0,4,2,0,S14
0.9031081820855598,0.3277008555084607,0.5075998240756185,0.5053433450886969,0.844686027611767,0.8478313066647374,0.4210671010501003,0.1669623625407155,0.4456340061499299,0.812477802966614,0.2416737740460678,0.3585990196824624,0.8958423683388703,0,4,2,0,S14
0.9031479254913924,0.3302332866948863,0.5087536536895584,0.5091703931185668,0.8418458226563947,0.8482182740873709,0.4017606541876246,0.1721297974858904,0.4447534302340585,0.8194866742686343,0.5725651507663388,0.3582656288502234,0.8974094007899588,0,4,2,0,S14
0.902555995192802,0.318065598725894,0.5144819589468188,0.4496417924763966,0.8397811220291536,0.8489363183787623,0.4106325730975732,0.1765003904483943,0.4445934924009458,0.8245120293896482,0.5378367521636149,0.3590163124086218,0.8975295011865444,0,4,2,0,S14
0.9026635572016548,0.3186571949848122,0.5193205402081925,0.430510176084542,0.8404760550652494,0.8491363676894954,0.5717920029625182,0.1923499091175312,0.4464193507737163,0.8384638525476199,0.3633430650391032,0.3587323479814002,0.8959018316638586,0,4,2,0,S14
0.8971113465271895,0.334457882850405,0.4638175302130355,0.4057705481438939,0.8426658746041454,0.8497369896721936,0.5133608296830531,0.1972752845272457,0.4520770195797315,0.8443136720065796,0.5035708289820616,0.3597455660977238,0.8984865662311542,0,4,2,0,S14
0.8588812165559383,0.4897543306517405,0.3672288582960377,0.3719234019256358,0.8632088855392799,0.84995680688875,0.526310335224095,0.0667058799765931,0.3398252011106774,0.6326861664671993,0.5514866935896433,0.3580445152186896,0.898620808949511,0,4,2,0,S14
0.867251721506565,0.4640165386499872,0.3811240479095862,0.4299124302356504,0.8601488214890364,0.8500153995304717,0.4763891089469772,0.0840229250652728,0.3281595349004025,0.6406865086809135,0.4509390524551742,0.360049077163656,0.8974891609482682,0,4,2,0,S14
0.8637341960493315,0.4714508040768076,0.3737333871180676,0.472484758273588,0.8607330266863125,0.8500951348244653,0.4322789724276403,0.0812519714187485,0.3318285800716462,0.6502691088228146,0.5171597569594345,0.3666305517168543,0.8972960603637462,0,4,2,0,S14
0.8613521355619885,0.4699649133680608,0.3713698228382947,0.4481774191125703,0.8590397953988692,0.8500942341285165,0.4228936332670314,0.0768682347283779,0.3286569299290623,0.6358481247720887,0.6790543006833909,0.370597014556936,0.8973134393138326,0,4,2,0,S14
0.8933091623527365,0.2888265119807688,0.4590078664020781,0.429206051616654,0.8151894795093143,0.8388041052204382,0.5460019601644591,0.1523728660315665,0.436236041090317,0.8005747564062549,0.5282740361460773,0.3044106791050355,0.8397737282333128,1,3,1,0,S14
0.8842449207284235,0.332116822818118,0.4200052671216836,0.4856902781869742,0.8154739975377593,0.8388560137501189,0.578392500160067,0.1690696296416672,0.4423608427254453,0.8153995002812446,0.5978517138290937,0.3043751069098598,0.8411849942661993,1,4,1,1,S14
0.8980836816998579,0.3046972125637086,0.4481802735701646,0.5015359249944065,0.8133453869318554,0.8390379543317761,0.4906358889234493,0.1822376595856051,0.4524205615294497,0.8290329017057921,0.3648607355578567,0.3023351758056186,0.8388386116217743,1,4,1,0,S14
0.8718364527787338,0.3660213223261894,0.3903377359413751,0.41235165271781,0.8132229782211889,0.838914416771641,0.3701233531635345,0.2205372018099634,0.458828170765444,0.8618922480946702,0.5914402039761532,0.3004043558526477,0.8394901818532398,1,4,1,1,S14
0.8418261150072592,0.3540982980914129,0.3271208213897181,0.4901339612840317,0.8166382822165473,0.8389263628442252,0.576203801714051,0.2296474830059041,0.4481710424697702,0.8682583627785612,0.8129345866233817,0.303164049836055,0.8412537216411767,1,4,1,1,S14
0.8543208146010881,0.3410641853573218,0.346919079017692,0.4416785500712913,0.8121633490280433,0.8389052201919532,0.5085099500859909,0.2130690090897553,0.4500981771026962,0.8563402475867136,0.4290081240091236,0.3027115805307315,0.838594147091515,1,4,1,1,S14
0.8580811390196685,0.3403477677809972,0.3526805411453732,0.4542130094069462,0.8087825078779559,0.8390357736994791,0.4623481266071728,0.2072733753400227,0.4488171643436638,0.852192632965336,0.5434761480917666,0.2999903500402987,0.839800465342698,1,4,1,1,S14
0.8576036358340755,0.3408176564306303,0.3528573691918298,0.4533068264652822,0.8080203197060157,0.8391180688661694,0.4900731664288794,0.2060549333105861,0.4485647461941791,0.8524312402508187,0.5515037014512922,0.3025130674008419,0.8371867005869694,1,4,1,1,S14
0.8594246314841348,0.3411508902207697,0.3541166568447489,0.4647959248595623,0.8076975462562612,0.8392502341453927,0.4815445733154784,0.2079293166633312,0.4479561180891893,0.8529013322270722,0.5433059118166561,0.3033789360800538,0.8382167864185094,1,4,1,1,S14
0.8578694566037639,0.3431173927653554,0.3530638258176418,0.4458859527138464,0.8075949785260841,0.8393381231079754,0.5437661986327378,0.2055041399531083,0.4484428355569426,0.8520724129485693,0.5433016972082335,0.3032064554419979,0.8373248384398462,1,4,1,1,S14
0.8597905181406958,0.3405595308787448,0.354527667786806,0.4338263068865701,0.8066980525598418,0.8392650719260232,0.4757513004557105,0.2041862893119818,0.4479218354632729,0.8530254348488339,0.557514113103824,0.303925277566187,0.8381348615092439,1,4,1,1,S14
0.8579336175498545,0.341539480507222,0.3529277234926093,0.4615701672499411,0.8059272710630493,0.8393896523972565,0.4108919495175589,0.2022141796262549,0.448509827541682,0.8507423966501908,0.5331509309595073,0.3028636377375834,0.8385210990847476,1,4,1,1,S14
0.8618602697712743,0.341500376994466,0.3573465687821411,0.4628085585084014,0.8077582057434305,0.8394357775108451,0.4894079650330937,0.2193712057989815,0.4464487262405061,0.8618199638728218,0.5336889382120633,0.3039599508406415,0.8372384578881288,1,4,1,1,S14
0.8555290368229563,0.3511507326326548,0.3478914615047367,0.4837844746414676,0.8020992971824049,0.8401338168711632,0.4295705733467106,0.1925821894497461,0.4450557179338811,0.8364711108503904,0.5792861068076907,0.3051985611114691,0.8382293685215894,1,4,1,1,S14
0.8557126737151517,0.3523018787676495,0.3496505280606037,0.4444589847437802,0.8015818132036028,0.840244128422366,0.547092279589131,0.1868391235429226,0.4453412801443794,0.8368042254100263,0.5141773976106879,0.3052051383240877,0.8384908598642982,1,4,1,1,S14
0.853968805749136,0.3470195905732009,0.3470779076684282,0.4421153002804706,0.797116546403768,0.8406961829785626,0.5803472128243417,0.1854494484359894,0.448870740577687,0.8308992462187534,0.5239879574751137,0.3023960083362896,0.8381521266754473,1,4,1,1,S14
0.856135340251382,0.3354015241306228,0.3500498030168967,0.4418644940614249,0.7936007653880753,0.8407851622572939,0.4712663921302116,0.1785269578402831,0.4490450830897193,0.8267011745311674,0.5496845582311848,0.3018795072183085,0.8385339583537329,1,4,1,1,S14
0.8595597332318601,0.3363414915651516,0.3536155839901826,0.466592262414757,0.7923617382001859,0.8409112122850754,0.3905686411476213,0.1852494874709193,0.4488390426629141,0.8324376803397142,0.5519084821914105,0.3044756859373947,0.8372137931166052,1,4,1,1,S14
0.8520447728658942,0.3425893595237216,0.3415430041540451,0.4700866019176229,0.784018893345782,0.8413985836034747,0.4700014913859,0.1871417808251644,0.4433969882289237,0.8367114127401409,0.5330466883111051,0.3029846007334668,0.8383509073193052,1,4,1,1,S14
0.8519616112533901,0.3451059136036553,0.3425172100686224,0.4157468124169218,0.7828160058891365,0.8413699983583629,0.4774297230379032,0.1830815956408915,0.4426276602819522,0.8304090050409896,0.5681218544348907,0.3052366026435931,0.8355158105345092,1,4,1,1,S14
0.8548525517242616,0.3409781298844314,0.3479331451162291,0.4890297778225188,0.782132554285361,0.841451724664454,0.589002830886869,0.1843437989294874,0.4430842966863803,0.8286178263180213,0.5475128669245181,0.3018442673814129,0.8348907569005741,1,4,1,1,S14
0.8521171015197742,0.3387687490920489,0.3426321003685739,0.4510513037311475,0.7794211218063937,0.841558670457111,0.4176676200504716,0.1721846195463739,0.4429268678499393,0.8215310983018544,0.5507924279664617,0.3051827233875351,0.8350636315741828,1,4,1,1,S14
0.8686720264577227,0.3299805742934731,0.3741822235900521,0.4416621604138591,0.7802948686775314,0.8416288299310174,0.4447633907092324,0.1739292936331126,0.4415885433250832,0.8178186830480116,0.557251882475773,0.3045727684584302,0.8367016110572028,1,4,1,1,S14
0.8667111513695596,0.3344890444688049,0.3710494319658171,0.4459350440259118,0.7792004101014001,0.8416534805569845,0.5042610425391801,0.170779821073209,0.4436333580763918,0.8219319165494932,0.5380093175712852,0.304264986311924,0.8371635625586181,1,4,1,1,S14
0.8425517938934735,0.3456304642228808,0.3313077668442972,0.4146939903864172,0.7778988060875891,0.8417942735552965,0.4986813467759344,0.2618150053200742,0.4527049840189898,0.9237728765878884,0.6650480392765616,0.3060166981156946,0.8371119842869404,1,4,1,1,S14
0.7972443150032007,0.5892469481530986,0.3080289082729717,0.3222906315075011,0.8041772136389288,0.8425591540360257,0.4308443099600085,0.1134965492600569,0.2689249828427485,0.6553650161284353,0.804174736949641,0.2876970439651292,0.8353417275678796,1,4,1,1,S14
0.8063823599847232,0.7000675573233097,0.3904453180312265,0.3230260797696571,0.797072675574654,0.8428662439495155,0.4360378383393217,0.3544167657759078,0.508292351076948,0.9721541853154276,0.3550308277240568,0.2874004337168392,0.8363670314711388,1,4,1,0,S14
0.8574445086015143,0.4979999046565492,0.38608503309858,0.141530725876637,0.7988376852383267,0.8433555588749624,0.3986843282161585,0.2714618645873766,0.7831522020320951,0.7666050240874932,0.5625293003519143,0.2896879827119259,0.8355946834810576,1,4,1,0,S14
0.8834471355114519,0.5478170165088444,0.4474116532579421,0.4023953444644315,0.7997041023175094,0.8435716784976238,0.817061150460544,0.2578003786045117,0.7936443318093152,0.6830264351968456,0.365031071225641,0.2857575486747619,0.8365855093227658,1,4,1,0,S14
0.8230866027801091,0.727136871190357,0.4690357969801776,0.4595533199370522,0.799277370031709,0.8442686275417934,0.3258124873976599,0.2664310225263561,0.5784578625744804,0.8964610673641877,0.4552011599562758,0.2829492186397155,0.8369704563644891,1,4,1,0,S14
0.8477943180726231,0.5994429877159658,0.4209766480488292,0.678871869387789,0.7925119778844806,0.8443610199841203,0.2631986741727629,0.0328589246289019,0.4590962740921315,0.5676464839331214,0.4590003292908708,0.2835116220734038,0.8382567092455151,1,4,1,0,S14
0.797209390909165,0.519350195131629,0.2710446696280276,0.4108967232383602,0.795425472920373,0.844304228734296,0.1438535644868615,0.0430375115962283,0.4899552903724982,0.6652618553774564,0.7685728589242509,0.2813293247899556,0.8384648299923038,1,4,1,1,S14
0.8146146223690787,0.5283307875538377,0.3459032601224866,0.1718039867710646,0.7988181912199509,0.8444933748835436,0.3174730960992239,0.141631659892336,0.2464319631755834,0.3885030230303724,0.0997475772208068,0.2813098058294632,0.8355194982046442,1,4,1,1,S14
0.854550797201214,0.5521051819266353,0.3343943191359162,0.6235247583348559,0.804349448656586,0.8446499537634843,0.5555685106888348,0.1998558351458585,0.5413303579646451,0.5283879418993784,0.6949429989719612,0.2792295613387228,0.8337262713519498,1,4,1,0,S14
0.896297118047196,0.3823804577632892,0.4507820075635697,0.4187856434528257,0.9027510848777688,0.8425353092959074,0.4479229312156176,0.3003856708293643,0.0372066376740978,0.4356917947765187,0.5633553586845851,0.2313224844718553,0.804028643295714,2,4,1,0,S14
0.8943170653705009,0.3854458000043332,0.4423689184253937,0.5191284376840193,0.9029544666955908,0.8426383678744697,0.4645387132489391,0.2954884539101132,0.0401460293205814,0.4369610134669903,0.5470229570553466,0.2296920911397409,0.8018818707643272,2,4,1,0,S14
0.8960187891568938,0.3944336854249007,0.4538450374126233,0.489981645080084,0.901088169257147,0.8427765061899855,0.6361110724961271,0.2973565956058601,0.0394448246727255,0.4398214754869693,0.5450347532832481,0.230561967133084,0.8020295378890463,2,4,1,0,S14
0.8984028163091998,0.3879153202700563,0.4615715042571108,0.4229900651837615,0.8986780474238899,0.8428425414245473,0.4348217643905855,0.3032639035764016,0.0378542762359406,0.4372965796096395,0.5291681858799003,0.2301939923081721,0.8040911129839856,2,4,1,0,S14
0.8966471385631252,0.3846602779796609,0.4543840601263136,0.4829053945167812,0.8982678913065144,0.842849415156788,0.4007785820230499,0.2999598677510496,0.0386040446499509,0.4412558237833064,0.5447566294977665,0.2304589854372022,0.8042271910420089,2,4,1,0,S14
0.8941184496302784,0.3938820409912811,0.4418580505070676,0.3068072314926277,0.8969491393863795,0.843046335734225,0.4540299692226917,0.2994641682358221,0.0388461923529753,0.4457721302115458,0.5657606540322908,0.2288066928018071,0.8036900710229528,2,4,1,0,S14
0.8957696444442489,0.3976002385845694,0.4505149809164296,0.5528268988310058,0.8967485524212473,0.8431135560950354,0.5796596721720132,0.3012029366149033,0.0374481356593403,0.4454078949334932,0.5282467779604199,0.2298250247830797,0.8031850838425575,2,4,1,0,S14
0.8859866081298241,0.3916209948598359,0.4158164504297164,0.4415888505728814,0.8945687087281697,0.8433277321106497,0.409484284617447,0.3083528658231139,0.0344957138909312,0.4200662803747683,0.5549847227623658,0.2277118738625039,0.8026852519985929,2,4,1,0,S14
0.8836070938705316,0.3869472341908075,0.4107046332658385,0.469570878529772,0.8920128350540635,0.8435017086439174,0.4364144505219929,0.2929300534002714,0.0404293317637394,0.439191654188392,0.5111902628087484,0.2309902097336572,0.804063713370298,2,4,1,0,S14
0.8966329324973827,0.4003157658542837,0.451990347142162,0.5697026388429841,0.8929411309548511,0.8437456550308916,0.6765216646408213,0.3051469996715988,0.0368606923341729,0.4289894878889296,0.5175901699667804,0.2317066256963195,0.8042037887186367,2,4,1,0,S14
0.8962094856989434,0.3919264659716686,0.4471573090134872,0.4866813013310896,0.8905628663851634,0.8438800009424122,0.4111040530912462,0.3014412100040482,0.0385218343596376,0.424912403488752,0.5385394524588865,0.2308739164896815,0.8042195023749211,2,4,1,0,S14
0.8923434789963343,0.4001014884340319,0.4380556739364188,0.4594553515111533,0.8886022370209543,0.8440891520227332,0.4082184406837397,0.3000440846699662,0.0388107369941492,0.4250317087891455,0.5507037975298498,0.2311905709830382,0.8041742940340356,2,4,1,0,S14
0.9002294798657691,0.385653976491678,0.4733112050159426,0.8115975552338974,0.888820835000225,0.844276401969983,0.7834177811364587,0.299908867752093,0.0391940684828485,0.4230664801266375,0.5363118427393878,0.2283667669292732,0.8055570295227478,2,4,1,0,S14
0.9007757076354016,0.3862492424372248,0.4755385239989877,0.4568105122731923,0.8854839885700181,0.8445019077925322,0.3381859108590986,0.3022789392403049,0.0376599230156192,0.4234280903058324,0.5387089173195256,0.2295910863417321,0.8052874387645188,2,4,1,0,S14
0.9006379125341322,0.3865264356193161,0.4725635318598431,0.4684858679323427,0.8846222352635362,0.844551351259616,0.3146078092869155,0.3004111615744756,0.0396115388328356,0.4234800737326291,0.551454113326906,0.2283991740447362,0.8068032659879468,2,4,1,0,S14
0.8953371263356076,0.3922482153443809,0.4452730343994928,0.4693116104509795,0.8759817429571771,0.8447409714593631,0.4324836192775819,0.3127981857235738,0.0286988387953644,0.4594307013291154,0.480118298683727,0.229749732510727,0.805317206864916,2,4,1,0,S14
0.8250916138354876,0.5555725018530194,0.3479011337834999,0.4847871284163854,0.8880255805225526,0.8451944955721075,0.4079730889336156,0.0742757327940056,0.5996729803674309,0.2272023240258447,0.5897106782020213,0.2799114989280207,0.8072423490448555,2,4,1,0,S14
0.8854673450242904,0.4299162777452949,0.4348344077597328,0.5062108873378693,0.8910097506033163,0.8441065970811099,0.4549192631026624,0.0763235961106026,0.3224847408303158,0.587926628345652,0.6771338514236696,0.2696511863310037,0.8058327144022501,2,4,1,0,S14
0.8816663112952536,0.4799692937196689,0.4446162521361112,0.4667092681062801,0.8803532871969681,0.8439456569365745,0.5146056538793246,0.2064474101045776,0.4602583324764436,0.8900656527127673,0.7367350969656264,0.2583631137534452,0.8070267035312464,2,4,1,0,S14
0.8983579280777614,0.4222128158384808,0.4685935156041102,0.4252752080802173,0.8889722571929639,0.843750679966185,0.406576032134296,0.1856051840867682,0.4454657960944277,0.8371218705903916,0.5877518977376965,0.2608055765440548,0.8056140538903572,2,7,1,0,S14
0.8976523780212395,0.4225657612580004,0.4640730956706509,0.2593026603760925,0.8886867599168198,0.8436644027753001,0.428120557943475,0.1722607670700355,0.4394028716425719,0.8147381622686021,0.4521584621686585,0.2633911058974628,0.8055327380606653,2,7,1,0,S14
0.9000731908204146,0.4112317244967426,0.477435104261549,0.487675925070602,0.8860909492100111,0.8435993630467871,0.5674011928367733,0.1667933763790262,0.4392953798457284,0.8155454407709377,0.4940216932634806,0.2616677143707187,0.8055933201480447,2,7,1,0,S14
0.9009740403253436,0.406022598944583,0.4741938691587843,0.3467072861318185,0.8788170315421382,0.84355963761494,0.3734772423941677,0.1678496887251758,0.4390612888414113,0.8142072002835865,0.5442138959302065,0.2635696178545169,0.8055784364870298,2,7,1,0,S14
0.8992661976901246,0.404539863469976,0.4688976671571749,0.4190095636486725,0.874208042483778,0.8434950245318764,0.5561515670908483,0.171159781826462,0.4361204455414851,0.819745409380619,0.5636443669897506,0.2598298238185149,0.8057105473133223,2,7,1,0,S14
0.8999216278616005,0.4034897939240111,0.4712971910383965,0.6274993110973731,0.8717171485098588,0.8435103363630057,0.549215742768689,0.1737921062652994,0.4407169275991348,0.8205793174234224,0.5300830245455733,0.2627724976414686,0.8042891873165995,2,7,1,0,S14
0.8988935319941869,0.4041810914636264,0.4655357349329926,0.4142175852296595,0.8709145588767312,0.8435033204156153,0.4026167071740498,0.1765339514088493,0.438674089656601,0.8218467835828828,0.6095875221255992,0.2654977242205479,0.8053980350667522,2,7,1,0,S14
0.8991904600797929,0.4039220697271042,0.4686684080825116,0.3375259841820276,0.8718968060727437,0.8435512469211012,0.444679830909971,0.1737713053794057,0.4359253601114772,0.8206534461254071,0.4137848180483616,0.2632523622040075,0.8032488202917478,2,7,1,0,S14
0.90052150750702,0.399503391916893,0.4736738505816522,0.4848290132458539,0.8713786999657638,0.8437832472354915,0.4728704879298283,0.1717639065465895,0.4363708541649506,0.8202618539294394,0.5390106953656093,0.264967234239555,0.8016687743880423,2,7,1,0,S14
0.9005251487041046,0.4023384791979339,0.4762879016591997,0.4207653085163842,0.872123900289037,0.8439000058734856,0.5260114489968812,0.1739642400100138,0.4366460678750795,0.8203733588779241,0.5513173121617679,0.2632284601861298,0.802021985295652,2,7,1,0,S14
0.9011085005186048,0.3958923538624933,0.4790160985775876,0.4506578122885689,0.8701022875034738,0.8443403987873976,0.4653840212181958,0.1726056154370415,0.437020494803059,0.8203259964600327,0.537004687978901,0.267536424951904,0.8029153484776832,2,7,1,0,S14
0.9008923147782932,0.3959698717329388,0.4790894717227163,0.4452800278901219,0.8684540314621311,0.8445205379771571,0.4888301869945142,0.1718228115951292,0.4372783499061969,0.8195546116346626,0.5313791996441646,0.2652614449031128,0.802906951367368,2,7,1,0,S14
0.9009655194356576,0.3968710945298451,0.4791950162349997,0.4253233373687795,0.8618106247835695,0.8450770732634143,0.4334875928468062,0.1750239156364532,0.4397937575092829,0.8212350684935138,0.6588592049002663,0.265354890198778,0.8015769057972316,2,7,1,0,S14
0.901013230734145,0.3960718190408227,0.4793061533723753,0.2894425992012381,0.8635301831416966,0.8452794928266439,0.4945853192555516,0.1718263517233746,0.4366900530130503,0.8200364493982167,0.5636872491223849,0.2694735311815285,0.8003435318114936,2,7,1,0,S14
0.9017757872682082,0.3938270507277537,0.4797287224926106,0.5033528250677787,0.8626430521631049,0.8454150712694629,0.4450015856730749,0.1709639625494945,0.4360723758575149,0.8195173138479945,0.5264528480512259,0.2704966462619267,0.8012686217701999,2,7,1,0,S14
0.885207621175912,0.5263094899271983,0.5582601328815276,0.4189231676673848,0.837500418941238,0.8682284671212084,0.4823163607890247,0.1704421446559486,0.4364273940067606,0.8162816655878544,0.4434001180619032,0.3491744504830595,0.7700030123630436,1,4,1,0,S14
0.8844350571990492,0.5299160294678635,0.5749964764317792,0.4780615340858346,0.8339039649962885,0.8695505465588935,0.4865956462624133,0.1743567391747207,0.4324307923884021,0.8155495864360558,0.5058512580005836,0.3483675072254181,0.7686138462618436,1,4,1,0,S14
0.8780437226895567,0.5323054276365368,0.5684952015548086,0.4430377585978283,0.8361792639178134,0.8701762458130082,0.4889750066126316,0.1503602119006806,0.4542589698110472,0.8210969653433003,0.5261088837193253,0.3488121342634634,0.7672947774087111,1,4,1,0,S14
0.8925284694875442,0.5259950942856769,0.5926227058128433,0.4731368169024145,0.8380527836785956,0.8703136256477246,0.485430932124808,0.2147792128726479,0.3637855055993218,0.8099690393301758,0.5512435883491053,0.3434908970459729,0.7682846345266243,1,4,1,0,S14
0.8764415426178422,0.5227393446226415,0.4978662030818893,0.4517788366172225,0.8359702127342165,0.87042943618472,0.5009436778811414,0.2145766746943371,0.2625707299468027,0.7809376836831449,0.2899758742508989,0.3229443340910622,0.7687578410985806,1,4,1,0,S14
0.8549461424023429,0.5338666106583149,0.3832963941047506,0.5057608970712641,0.8444219584319678,0.8705158555907547,0.3467464045916594,0.2566723075445689,0.4595337738614964,0.899634379913416,0.7923097965147126,0.339750416025529,0.7661496485269204,1,4,1,0,S14
0.8774742013993639,0.525509145539147,0.615532713376681,0.5537021410973557,0.8520697802863653,0.8707056654107014,0.78411478262562,0.1565881565164009,0.4230804527083578,0.797520792822255,0.440095007288835,0.3521101566192016,0.7681813228439168,1,4,1,0,S14
0.8754196462701953,0.5151955845399172,0.6250824864588211,0.4424059212621035,0.8463124325038119,0.8706947622492158,0.4188113285543879,0.1529120866437185,0.4197157823964837,0.7998531409597575,0.5221328060411696,0.3507914259557044,0.7674196664492925,1,4,1,0,S14
0.8472571929691821,0.5458817197970699,0.3706392315647842,0.4698876634148851,0.8528919259259403,0.8703894737276235,0.5951098584778103,0.0722081877746987,0.3000344302742898,0.5552500393631284,0.5315708400609879,0.2998628213620633,0.768844220277052,1,4,1,0,S14
0.8284714981202974,0.6590052273644191,0.4088987468965525,0.4357784538467681,0.8504007630503332,0.8705770081051729,0.5462999040284857,0.0736962148072784,0.2793776288172914,0.4633350132250918,0.5745923795855704,0.2756053602038849,0.7671645256994526,1,4,1,0,S14
0.8095368817910247,0.7132852838130126,0.4304735587388019,0.5612360285293831,0.848566192929648,0.870473001425612,0.5657049141536148,0.1435930254185475,0.4773999130707418,0.5829742900215906,0.6009172246323392,0.2823406157720762,0.7677377608453252,1,4,1,0,S14
0.8947334446656156,0.4892211571390221,0.4751753091653019,0.5088728695062982,0.8441846823078776,0.8698722846328139,0.2492933946098394,0.312448460143841,0.859011313148025,0.6276050225877815,0.4391090464553754,0.2702886920445702,0.7683843386186064,1,4,1,0,S14
0.8739502781243327,0.5317901464725655,0.4391561925550876,0.4511043061586412,0.8412612796916811,0.8697670454219543,0.15127841165269,0.3643148953437889,0.8538088391301586,0.6510822283219487,0.6026072746429613,0.2646791657323663,0.7686301028762678,1,4,1,0,S14
0.8599429593264301,0.568204808765592,0.4089454953907976,0.3844380001403533,0.8416000157535753,0.8695878543331935,0.2294198636528927,0.3478825878243624,0.8581655307102458,0.6477740811045839,0.5598787117549883,0.2729016686011525,0.7685867486397394,1,4,1,0,S14
0.87614450169165,0.5383355761695631,0.4420576358551678,0.4362052491894699,0.842938169225797,0.8693847236942148,0.4177547362694433,0.3505993688816524,0.8579858802329854,0.6420847632208992,0.6577964182258424,0.2898258695603143,0.7674363967287788,1,4,1,0,S14
0.8796887005697351,0.5377855636184681,0.4542188117839448,0.4524006545460453,0.8426496242397729,0.8691558047080704,0.5224635218566017,0.3425692358695333,0.8570855750967713,0.6413859636287991,0.4628253547832825,0.2861541051581257,0.7683260620591249,1,4,1,0,S14
0.8810907492337892,0.5358634628353267,0.4597398662224503,0.4460179882796898,0.8402492458127424,0.8686283761224743,0.551705908415495,0.3374098134528727,0.8552059344111134,0.6327228180158891,0.4525112122126708,0.2871123887334563,0.7685552246345594,1,4,1,0,S14
0.8808737323689511,0.5415061316850618,0.4618875413803699,0.4156817261294231,0.8391158460103927,0.8680062322471049,0.4581108779461916,0.3542429639499763,0.8593390748701016,0.6446669156091526,0.545668622847307,0.2878938348079308,0.7685808384991849,1,4,1,0,S14
0.8854747362780899,0.5237237997101625,0.4682927022723825,0.4871200747524611,0.8384578815225938,0.8673337442087026,0.5852034011275851,0.355623404258188,0.8603219952656106,0.6443065250202099,0.6849392920963777,0.2670155130469016,0.7671627174736108,1,4,1,0,S14
0.8644671724082528,0.5407455298618328,0.4018939284264898,0.4985644442079775,0.838810989362425,0.8658255051399161,0.4848893154067293,0.354310321609432,0.8598141619852463,0.6421440787860332,0.6357577241609584,0.2624947445121232,0.7657269386742436,1,4,1,0,S14
0.8497743995803175,0.5281886203752696,0.4540690840325717,0.4022163828481487,0.843216176692234,0.8640692428498606,0.415199271034084,0.3437342786726468,0.8888786661308058,0.4960270503520171,0.7419663071142153,0.2584623670520216,0.7669905195981424,1,4,1,0,S14
0.8262794657457841,0.5322560889923802,0.7695769284825003,0.485429089896089,0.8531658038469023,0.863106304070496,0.5675804342806368,0.3362278940736192,0.892173721831994,0.5568650120294725,0.6210899323795015,0.3055991683559231,0.7685893856387366,1,4,1,0,S14
0.8536103769537462,0.5811677372885589,0.430167584592983,0.4352757297582058,0.8799686269982891,0.8608935785546001,0.5297669421318599,0.3668742416834142,0.9069982608849084,0.5538013991607239,0.5275061949045832,0.278358078549905,0.7685533284467734,1,4,1,0,S14
0.8752955085918807,0.5769489465729809,0.4343625414738962,0.4811976165446699,0.8757390363094012,0.8668066000534064,0.5258059439231704,0.1619106502959605,0.6205816363538283,0.553969914841282,0.5227171038884729,0.2699195529188928,0.7774929107696598,1,4,1,0,S14
0.8924940231071907,0.5692500943208397,0.3773386132171328,0.4210223189982683,0.9062650227349018,0.9020946822010488,0.3979327606296743,0.1859842680886481,0.1132984302385541,0.5564634068369771,0.53935574837284,0.2476800029489982,0.8237537549339212,1,4,1,0,S14
0.775440245805031,0.5610414414997474,0.3920343679529233,0.4782556699443392,0.7928715821528319,0.7854464979732683,0.4609506665744985,0.2198785089021878,0.1250030517163052,0.5466567441038562,0.479665827993857,0.2765092077369019,0.6809920158409051,1,4,1,1,S14
0.9943619057118004,0.5796312264387959,0.3683870962179133,0.4025063280422434,1.0,1.0,0.4895234549293868,0.1554452142352271,0.1415527286802458,0.5153386215058816,0.6850271898417313,0.0279447887922861,0.9451730611802406,1,4,1,0,S14
0.8517084366813837,0.5457085477009934,0.5389041597727566,0.5238072208170619,0.2347224814843892,0.8430253028927622,0.3791788892517688,0.5592263197128089,0.5204555520445009,0.9138143602800396,0.3372284969937725,0.0311973910099719,0.8385488988899465,1,4,0,0,S13
0.8504074155025169,0.5592379182820416,0.502007146587771,0.5319466346252022,0.2339700208353508,0.8431356396027414,0.3767546220782269,0.5561931995141305,0.5161894186911128,0.9189347846852552,0.480276391415923,0.0309427624260239,0.8391303651871634,1,4,0,0,S13
0.8511078815033701,0.5570441797401093,0.5221171133934959,0.5114668361322239,0.2351948311608436,0.843326194991722,0.439736087676838,0.5577845546392245,0.5163500655548982,0.9187402630057704,0.5133935552382525,0.0321444922608513,0.8375171160575617,1,4,0,0,S13
0.8511078583485648,0.5549575105852104,0.5136987424067923,0.5245908130962015,0.2356884669781058,0.8433452649411611,0.3654557384955406,0.5548451682491067,0.5163770327063426,0.9191521213660035,0.52277756412274,0.0376631628142944,0.8385432640218686,1,4,0,0,S13
0.850929774731543,0.5563058702051161,0.5073139011808452,0.5239450783534253,0.2356513632329197,0.8433559767767402,0.3786870399061655,0.5544273342619683,0.5164635344973417,0.9190394519946584,0.5364112161141672,0.040179843213997,0.8390243042366472,1,4,0,0,S13
0.8504761430673873,0.5582208591659725,0.501647151505626,0.5224725369876853,0.236090336406337,0.8434054529679804,0.3779435434316071,0.5553845963737496,0.5163160822627014,0.9189796922005188,0.5254017215618452,0.0387484924370793,0.8384303118326354,1,6,0,0,S13
0.8515373612301265,0.5528671309082328,0.5105108435866647,0.5223728976212123,0.2363730662927677,0.8437216202405463,0.4611450830607915,0.5597105446399541,0.5149904559693373,0.9157071417072492,0.5175499464667064,0.0400971251391669,0.8390747619212636,1,6,0,0,S13
0.8508274782555371,0.5453342439339457,0.5271040774920164,0.5270625300003492,0.2365993561921336,0.8437591837177792,0.6601503319699006,0.5633789882359532,0.5161747546924429,0.9132944273714594,0.515990023440808,0.0394327167926413,0.8382085393022389,1,6,0,0,S13
0.8506419087129594,0.5397813614607736,0.5297853980031991,0.5146030678761144,0.236039516102148,0.843435234752999,0.4509697244284511,0.5602305412288877,0.5155941724812908,0.9143803083351724,0.5217877174982077,0.0410533584987623,0.838462254640337,1,6,0,0,S13
0.8512037580995422,0.5450138586453495,0.5345787510976058,0.5263186721904731,0.2356650031528913,0.8433513173684392,0.4990819338527552,0.5649315334659477,0.5158026325913011,0.9118483016196036,0.5297174104821538,0.0445090511336902,0.8384562517499501,1,6,0,0,S13
0.8510831948504207,0.5436989080639435,0.5157719455777183,0.5190134940761785,0.2355859032225445,0.8433016970717876,0.3694076960996477,0.560692967298329,0.515606243589845,0.9129386044582202,0.5119639341423838,0.0445027629793422,0.8384504077417765,1,6,0,0,S13
0.8476470662426573,0.550426084269936,0.4932264118744604,0.5169891749309476,0.2350852455178944,0.8432008232838223,0.3841168158960696,0.5542313419352406,0.5179787308316712,0.9165747294110342,0.498899912422848,0.0418639348347582,0.8374038649066352,1,6,0,2,S13
0.8253062769102674,0.5430891740077964,0.4286178713474353,0.5356668556910458,0.2344268069368447,0.8433334002622909,0.3491274838839713,0.5636385342083164,0.5302629033771851,0.9110400668801832,0.3934736215732179,0.0397090813900087,0.8385461158523013,1,6,0,2,S13
0.7996476055387622,0.5244723588257686,0.3308926580742856,0.508911885574661,0.2354438760512072,0.8433914267079398,0.5290844170553435,0.5545938395123325,0.5488780978360533,0.9155603984959276,0.6061526248593347,0.0422186466272728,0.839031319292047,1,6,0,2,S13
0.8189891946361626,0.5419254808000548,0.371151457582682,0.533577994577617,0.2352800716627725,0.8429886520831348,0.4580663071612459,0.5851991508533462,0.5442840319510688,0.9046869562329056,0.5762972499972732,0.0459186092021848,0.8384880238632775,1,6,0,2,S13
0.8097088520461022,0.5449452216947612,0.3572850067117827,0.5285002554589697,0.2349701740270739,0.8429053111202207,0.3664016277054748,0.5838337934764956,0.548332022220431,0.9032512717070252,0.4779078519124244,0.0437231770778758,0.8384158396494144,1,6,0,2,S13
0.798979457959336,0.5522636173996752,0.3414663282359805,0.5084148955300472,0.2360274932214946,0.8428059744566433,0.3711944641442899,0.5976195267440502,0.5459616520439238,0.8989653984704336,0.492704649010077,0.0417548918095119,0.8382384393617746,1,6,0,2,S13
0.7974356088466887,0.4734505641305371,0.3332613120887819,0.5403033877536135,0.2363648188463011,0.842878507513704,0.4378309816391255,0.5316090174045147,0.5806891363765943,0.9252780445717714,0.4664562385328766,0.0429288728118348,0.8372318748071091,1,6,0,2,S13
0.8084178717453734,0.5237395489427473,0.3488169012776128,0.5277228262937316,0.2360026400672151,0.8430425475069907,0.4177379064273971,0.6332402049606196,0.6078870359123064,0.8802153219624749,0.558063189438638,0.0455933454368632,0.838256464456065,1,6,0,2,S13
0.77846077037986,0.5381688738976312,0.3075265728266089,0.5283702542698897,0.2359727396105616,0.8430274164387959,0.5537184884722801,0.6794251092627172,0.6214013477654926,0.8447020116087292,0.501484801925224,0.0432016083377294,0.837324188169737,1,6,0,2,S13
0.7831615905179033,0.5408915794500431,0.3072337400959075,0.5158904339485092,0.2356414216517733,0.8429353330809247,0.3888268984279798,0.6308281057641284,0.6196207683557453,0.8748054668417551,0.4649227439170733,0.0418582079858128,0.8385593267629208,1,6,0,2,S13
0.7784076095562324,0.5446567511266546,0.3079898248684998,0.5176690118823692,0.2360580921383895,0.8427883935964551,0.3749010017018185,0.6173284811322486,0.6205361615131476,0.880933775675476,0.5755486071247956,0.0414970217964285,0.8382030201164086,1,6,0,2,S13
0.7822179588705763,0.5203600094758367,0.3052410486786369,0.5377851152100093,0.2356419698618051,0.8428319134306915,0.4238597666177219,0.6242437762214834,0.6213623077424345,0.8778989190932027,0.5267030907669282,0.0419180610840939,0.8373709314104271,1,6,0,2,S13
0.7814229946631218,0.5605714980470342,0.3148658900279655,0.5234107050734911,0.2357203418249015,0.8428253806520422,0.3893663135463445,0.6207297747058441,0.6212164161005262,0.8787056809719676,0.5385617143632906,0.0411435926016718,0.8385233800979591,1,6,0,2,S13
0.775547806918181,0.5263777781423246,0.289724080097003,0.5216462823727677,0.234815354411465,0.8428609266535156,0.3499015615272572,0.6185531621652923,0.6212999943319137,0.8826641477378459,0.506622603563709,0.0411133282934865,0.838233707610324,1,6,0,2,S13
0.7885527146511639,0.6230332097747897,0.3655548149372903,0.5310295441835261,0.2368921629968493,0.8429267347913789,0.4657810155421597,0.6238717996139297,0.6077202541641907,0.8782226669303769,0.539800727560078,0.0398665408718649,0.8373337722454398,1,6,0,2,S13
0.8487101572464855,0.514863304913669,0.5562738081470457,0.5271636452850109,0.2379548440221898,0.8432411727990082,0.6589447396165966,0.4255857881236591,0.5680658936167615,0.9438295356794976,0.3318401708083976,0.0498264217720951,0.8372654229150924,1,6,0,0,S13
0.8520877504959925,0.5231945551843568,0.5374397704258522,0.5190357014843207,0.2385599444700703,0.8435662265719427,0.2688673977409616,0.4513346416297634,0.5533037884159283,0.9348184820115176,0.5332956254032173,0.0504787168133267,0.8374565470143107,1,6,0,0,S13
0.8510883080956819,0.5122627028422315,0.5382513322750881,0.54077936325915,0.2378084856801519,0.8437980441437143,0.3734524313654175,0.4527064897828539,0.5533832469224365,0.93653548223317,0.5250155264060755,0.0516016020385128,0.8382563493341664,1,6,0,0,S13
0.8507710103540692,0.5156067489136122,0.5457190361947631,0.5250288113826502,0.2374000444949036,0.8439655426668741,0.487524024701245,0.4551877557022415,0.5533859244177812,0.9360881107189376,0.5183959214998219,0.0522730853557307,0.8372208257996168,1,6,0,0,S13
0.8509957061856604,0.5181225402878626,0.5487899256179214,0.519359228919991,0.237361162666138,0.8440743422524654,0.4604714116856489,0.4580841366840195,0.5530802582391562,0.934941628988734,0.5270511701269708,0.0506328097100061,0.8370717896385015,1,6,0,0,S13
0.8478388051923604,0.5237149659328556,0.5638151266894296,0.5309699138545366,0.2371927522428414,0.845003774120724,0.4796096159874224,0.4621133853963456,0.5450258830034749,0.9347152761532486,0.5163406453054088,0.0540781735752432,0.8367825300205741,1,6,0,0,S13
0.8497235388702671,0.5149495953358731,0.5545689157358008,0.5267593004601354,0.2386915307835743,0.8460224072386262,0.4701892770834227,0.4642226568833723,0.5403833119897005,0.9351977658372692,0.5208726994945763,0.0515848118700073,0.8346965160459001,1,6,0,0,S13
0.8469192992305223,0.5799690074072834,0.5579514372948965,0.5223476032801405,0.3201295157496844,0.8554190407632898,0.2238583381020365,0.624600106542372,0.5097347035342347,0.891019923062562,0.5536958389707551,0.2344392115735526,0.8331893716038429,1,4,2,0,S13
0.8486071445874113,0.586165636301691,0.5376795792591168,0.5219140470621386,0.3205937542258154,0.8554007874111818,0.2855889531793212,0.6216401226806745,0.5072070661506072,0.8934540784574898,0.5378927097828927,0.2173754527737014,0.8334723993930834,1,4,2,0,S13
0.8484142903850774,0.581262996888681,0.5397020014793421,0.5350171321388122,0.3196258114385705,0.8554264381744073,0.3362935237352095,0.6046464863105867,0.5092962363582585,0.9002089123016245,0.5148461906057841,0.2144634123714558,0.8332406349551896,1,4,2,0,S13
0.8486121620995285,0.5825106470903051,0.5340105654882368,0.5253121936902386,0.3204490883606726,0.8555362464978782,0.4355987912059484,0.6029333141841252,0.508465076661663,0.9030778768412387,0.5222132761979063,0.2140293967254062,0.8324455181697459,1,4,2,0,S13
0.8483272009013357,0.5774728459021028,0.5411443640540855,0.517995973714921,0.3240607864879263,0.8556098363279556,0.4308678837976075,0.6029188588011536,0.5090409167055963,0.9020383205449984,0.5289517535587217,0.2349369650697836,0.8312340210800158,1,4,2,0,S13
0.8498705778651802,0.569999677956961,0.5267021949735038,0.5230926178407879,0.3242233804151088,0.8556212686905919,0.4210629004598343,0.6028729412256152,0.5089257391972322,0.9003025206568468,0.5222136809233459,0.2203547505903036,0.8320119012946005,1,4,2,0,S13
0.8497256724570079,0.5740905581645666,0.5182316088923167,0.530079795503128,0.3242494754987233,0.8556006135816274,0.4102609450147583,0.601979462673361,0.5091189214141342,0.901242005337662,0.525665551299376,0.2173329620640866,0.8308251772973709,1,4,2,0,S13
0.8494963910916784,0.5735798330242047,0.5103414239803958,0.5206565175987149,0.3248379093398454,0.8556402425697567,0.3987359638563685,0.603346392676335,0.5088329682089595,0.9002548267397787,0.5211315456685217,0.218002996158837,0.8311050575076789,1,4,2,0,S13
0.8486065916782615,0.5736573902224639,0.5095913361635694,0.521882588887937,0.3274920373606453,0.8556772776604812,0.4701646813217117,0.6050581537416346,0.5084775703381379,0.9011204743624336,0.521308290149873,0.233102661065381,0.832156768457906,1,4,2,0,S13
0.842152876574082,0.5628480470498688,0.5769877777177492,0.5211209197572018,0.3484631207952245,0.8554811982307314,0.5418235868003871,0.594038887925785,0.5078713591322312,0.9037869010165648,0.4643836716424252,0.3200192557811241,0.8319781178041357,1,4,2,0,S13
0.8467361062415267,0.5746693031447647,0.5661067254040757,0.5328591174845863,0.3493976650006473,0.8553804205130401,0.6511243848178334,0.5886234858921656,0.5093898437655855,0.9053297476991792,0.5638936646931223,0.3188420096380355,0.8308664819082463,1,4,2,0,S13
0.846092932589149,0.5846314842037417,0.5485106249409242,0.5230946485737819,0.3494494094512975,0.8552739746491681,0.3511875236544438,0.5944373542667591,0.5077765999307124,0.9030092487572912,0.4935745045532879,0.3142627639412109,0.8309322549925318,1,4,2,0,S13
0.8473910208310464,0.5816200506181092,0.5408797839777117,0.5322717364522588,0.3516166425295036,0.8552369875935807,0.3674353125576851,0.6148115863632775,0.5085694562054175,0.8962929060956916,0.6200131374808535,0.2929244903328191,0.8312861336263097,1,4,2,0,S13
0.8546382816068567,0.5761534272991737,0.532971829804044,0.5190978464916608,0.3585402358960675,0.8554856174633468,0.4722143501105204,0.6174600749484789,0.5105479747014823,0.8942116450328562,0.5086317998407932,0.2976413306197201,0.8289870720856306,1,4,2,0,S13
0.8285404052259592,0.6378614948938381,0.5180371720282012,0.5172486121987363,0.3602678132600834,0.8554560278188772,0.4055540203452734,0.5953801154514102,0.4953074279939385,0.9024529614416026,0.5005685090634614,0.3062025630580731,0.8290492733438286,1,4,2,0,S13
0.8382237359673348,0.587982227712322,0.4274000092931996,0.5281582136607281,0.3604336827769638,0.8547911254507736,0.4304920531101555,0.4547485857380396,0.5790545328085133,0.9319104301970544,0.5236857699101672,0.2944689763190008,0.83060616252846,1,4,2,2,S13
0.8052686102055033,0.7233732620873229,0.4181631264877097,0.5259681964509583,0.3613577222719289,0.8545592118087276,0.4519803848181215,0.4272172898654645,0.5797921965611746,0.932847449215146,0.5295004253262607,0.2973046936645949,0.8289722427643367,1,4,2,0,S13
0.8398965897406316,0.5600000828204498,0.446864393756435,0.5368946704640212,0.362958666645705,0.8542075946049624,0.3322722464723406,0.6994043177192801,0.6044526063612982,0.8205461263441687,0.5742650107210101,0.3060797881726357,0.828888885873653,1,4,2,2,S13
0.850481633034968,0.5136018217944036,0.5383627807344541,0.5424683223331604,0.360938084992479,0.853810344020927,0.4524130213419157,0.5238857548753848,0.5214670170159279,0.9255287276907106,0.6122350782191706,0.2966951758947217,0.8286918549689133,1,4,2,0,S13
0.8520997370048998,0.5042625147129028,0.5501373880580028,0.512654317709195,0.3599508735695703,0.8537187890495643,0.2926865416610185,0.5368532961007838,0.5222818440854562,0.9217046719622168,0.4629406685243479,0.2949932486314968,0.8272376726453959,1,4,2,0,S13
0.8504774432206202,0.510355818316247,0.5439834098195074,0.5333606493011833,0.3598304277236412,0.853747225850743,0.2946176479913514,0.5226756425123145,0.5240334770584236,0.9267922242023052,0.5529560681005425,0.2931328769422381,0.8285418329482522,1,4,2,0,S13
0.8520348554066428,0.5058680693517688,0.5235926184080915,0.5296371153064976,0.3620783758613879,0.8539964321421548,0.3950270705787239,0.5265958780275524,0.5220537831205637,0.924496867207448,0.5327635637280683,0.2895191431043735,0.8281396829701346,1,4,2,2,S13
0.8527005252509788,0.5127947283031794,0.5309813819234693,0.5178619948266127,0.361640924926835,0.8540817425456912,0.3775974153697387,0.5064229750067855,0.5240605374771955,0.927866956352823,0.5040013001611408,0.2948868884209202,0.8284941564745968,1,7,2,0,S13
0.8520569980526369,0.4968786836730692,0.5258598384830793,0.5229793065349414,0.3637286211204308,0.8545974477778799,0.4304394304914279,0.4970894814367693,0.5263852261289795,0.9296108415116898,0.5613461240425254,0.302641530115725,0.8283125025396219,1,7,2,2,S13
0.8529082657662062,0.4936795893559196,0.5255908845476973,0.5287628977886297,0.3631306664256888,0.8547779157880637,0.3955492016284171,0.4911763814600547,0.5285642927049119,0.9303413609318903,0.4811990909182553,0.2936684061785198,0.8281286256212708,1,7,2,2,S13
0.8371848259990768,0.5298266028079518,0.4262810692261273,0.5178732389461275,0.3628015546720139,0.8550848603143015,0.3073884759378356,0.4169149862099057,0.5573731741769288,0.9313609125667052,0.5171459753686514,0.2966345471778067,0.8281871962165787,1,7,2,2,S13
0.8532312311145013,0.4877578530790933,0.4844547726150022,0.52158940996518,0.3667176440767937,0.8553820537077024,0.3923175589422695,0.4784010850945571,0.522357826282651,0.9357582314341562,0.5284352622666435,0.2925729441918721,0.8269163577113572,1,7,2,2,S13
0.8510379231788563,0.4896794024157266,0.4895379324576836,0.5307284044239908,0.3664935381071287,0.8555182333214558,0.403467994639912,0.4781795963160219,0.5245429184978769,0.933166085600054,0.4882297941919694,0.2872269826962337,0.825841735520752,1,7,2,2,S13
0.8529992891994463,0.4878077482582502,0.493621853928016,0.5284976837838452,0.3664169529295935,0.8555783252780008,0.4164198360409565,0.4757717068551192,0.5278378328163476,0.9353708889310308,0.5488082287268998,0.2856239737262764,0.825865969429068,1,7,2,2,S13
0.8520002389976875,0.4876020537581543,0.4876056569998901,0.5159947779973904,0.3665536193159259,0.8556091158008989,0.3906266101274355,0.4748766845089287,0.5300147808466058,0.9344251341381646,0.5275724815616117,0.2847521278959711,0.8258341339128842,1,7,2,2,S13
0.8466243080459963,0.5360716454212251,0.4557481076369558,0.5251115740968221,0.33429311485913,0.8532420883487217,0.41287234953827,0.4614176213777834,0.5214207516558144,0.9393963662982786,0.4945042593271931,0.0657610074697508,0.8288873432779195,1,2,2,2,S13
0.8473758587852502,0.5321192797457274,0.4608044603492602,0.5313360458311879,0.3336294022278674,0.8536902561781112,0.4573477164823705,0.4576501423637439,0.5241656405653998,0.9380153892555168,0.5279875536348813,0.0634675481041059,0.8289573495217628,1,4,2,2,S13
0.8466865880487069,0.5308497766061626,0.4518233560233223,0.5263692264505725,0.3335553102320931,0.8539531524836037,0.4155310491072636,0.4567912860324887,0.5235900449765575,0.937565315744314,0.5206997950805631,0.0634139223815726,0.8290672989789595,1,4,2,2,S13
0.8455969358556477,0.53110306480167,0.4480795309015687,0.5177620202505734,0.3333831029082874,0.8539582922432762,0.3629901786460943,0.4547113472304814,0.5239602248133953,0.9375233855594391,0.5247864109169367,0.0629928195533979,0.8288634763244132,1,4,2,2,S13
0.845394896697906,0.5316148463343092,0.448319134260411,0.5286939218648092,0.3336954329457389,0.8544220714922316,0.4189566219548028,0.4500686438726751,0.5238122275054644,0.9388408616258704,0.5053437994880077,0.0627283204218892,0.8289950331466407,1,4,2,2,S13
0.84395362472812,0.5296778153870157,0.4415984992498927,0.5258280518866885,0.3334055098588316,0.8549218770940316,0.390297862985511,0.460081009727994,0.5237249643196008,0.9364145929020772,0.529581822205102,0.0624286855964083,0.8289968205194287,1,4,2,2,S13
0.8464176435370246,0.5333451067416443,0.4505845150378864,0.5195431471535981,0.3331289645567014,0.8552451535668923,0.3800929955814938,0.4551670181080492,0.5240707244097249,0.9380231692300932,0.5342470161173768,0.061028988335451,0.8289985137014526,1,4,2,2,S13
0.8464256140730647,0.5270217751576305,0.4528956924238467,0.5205188047120213,0.3329596485343346,0.8553131713210633,0.4142466679075682,0.4541773349058263,0.5236138942243753,0.9396569482070112,0.5172829888746494,0.060516978270547,0.8290049721582697,1,4,2,2,S13
0.8470802112296786,0.5207923899914395,0.45764973571952,0.532394180585993,0.3330713787323925,0.855337381030175,0.4680563010759034,0.4528580575683298,0.5241445940858727,0.9385806633526635,0.5232087319239804,0.0604460827399042,0.8290003056803176,1,4,2,2,S13
0.8446133921304516,0.523721520847951,0.4413341211666762,0.525758443830556,0.3329231624035636,0.8553892589782716,0.4007973952630351,0.4546457646599032,0.5240800176725344,0.938702430929832,0.5431197805892101,0.0605671770963998,0.8290047304864189,1,4,2,2,S13
0.8447354529964751,0.5231404177874328,0.442987089432637,0.5236232558336072,0.3330386324716549,0.8552832934657707,0.3635445924508678,0.4573901507743108,0.5236797155976758,0.9379803629983552,0.5080798647341022,0.060133020421133,0.8289993123520956,1,4,2,2,S13
0.8471877924786836,0.5247131076916799,0.4549615614719421,0.5340673922416725,0.333403469663892,0.8553345949922215,0.4305318610194647,0.4578857643112663,0.5239401797970966,0.937448710620262,0.5321029251414271,0.0597602281992618,0.8290053589611828,1,4,2,2,S13
0.8435870365280848,0.5197333331360938,0.440602612897621,0.525228517389181,0.3329457843057026,0.8549840825966102,0.3730263107805607,0.4579408606235341,0.5230601312035957,0.9390138840545892,0.520290570603295,0.0587490511964771,0.8290305067836291,1,4,2,2,S13
0.846897603232785,0.5198944111737516,0.4493287063830819,0.5276613727332043,0.3332414564658544,0.8549929690969786,0.3915574878132956,0.4547148141600999,0.5255274153859675,0.9386955040358572,0.5305253701375781,0.0581442420554321,0.8289671265582786,1,4,2,2,S13
0.8374264570285995,0.6123021065196943,0.4344713879326058,0.5213802742695994,0.332969023358119,0.8548785494003437,0.3833226181042533,0.4795552897985123,0.5440102308944085,0.9356202762010264,0.5234596044672011,0.057504621159641,0.8289320806022594,1,4,2,2,S13
0.8457018431305026,0.591971541653044,0.4637305669473289,0.5246077098129732,0.332893478406253,0.8546932298413101,0.4942270162932891,0.4695373625350723,0.5446826081789509,0.9339972576485698,0.5412372638666884,0.057851702734956,0.8283270309682395,1,4,2,0,S13
0.8435081840792934,0.5814658514466513,0.462947747307552,0.5287580286210152,0.333284742305821,0.854684823692313,0.5153401294260412,0.4798711708705563,0.5382661426538703,0.9340279095394026,0.5410942648074486,0.0574079364672179,0.8284909927310541,1,4,2,2,S13
0.8413941767552611,0.5882239379048761,0.4479755006771262,0.532354411359793,0.3327034070606228,0.8546049412592718,0.454606895107174,0.4720170010344532,0.547195561479088,0.9331470052916636,0.5215598218247042,0.0564496875756421,0.8284639253445673,1,4,2,2,S13
0.8380150977216247,0.5904736352851345,0.4346746509551757,0.5227501157867009,0.3322258367980747,0.8544757747755388,0.3862938348623024,0.4642504382055768,0.5538436146970093,0.934535798919062,0.5245024039855722,0.0564610412077038,0.8290078027704205,1,4,2,2,S13
0.8397626737907434,0.5911463050482206,0.439411755729822,0.5167739262599429,0.3324963222884208,0.8543759097254533,0.3824179290685986,0.4666031259957211,0.552418562886765,0.9339034766222782,0.5033178305472731,0.0562210009745903,0.8290025222483046,1,4,2,2,S13
0.8404281809288313,0.589048284445137,0.4480707294174332,0.531374196407686,0.332240869882505,0.8543420929889161,0.4587505238280655,0.43831815084215,0.5528385088718246,0.9379091679524282,0.5394649121226857,0.0566490600880607,0.8289893305344472,1,4,2,2,S13
0.8433888558801386,0.5861639829765661,0.4508649681964659,0.5318124253931865,0.3322253196003871,0.8541648433329198,0.4432772069085257,0.4580149394024014,0.5543553101182578,0.933666750042918,0.5110775799151526,0.0560917643383747,0.8290371064284775,1,4,2,2,S13
0.8365153083065401,0.5854723730036114,0.4336118842033611,0.5223964060265054,0.3319728567575296,0.8540241003811394,0.3729219496949811,0.4329579160695891,0.551965660065493,0.9420030348558854,0.5299954724267181,0.056645919047721,0.8288798942743383,1,4,2,2,S13
0.7546396645486502,0.6461267069856973,0.2884534653249869,0.537955848422485,0.3332125144687196,0.8535226135495402,0.3667630014173507,0.5910300321043845,0.5568544779304369,0.8626324722033261,0.6155228342437381,0.0458136657206117,0.8284907527872079,1,4,2,2,S13
0.8417517472242765,0.5589937787784794,0.4513678739858119,0.5411067104139803,0.3337218042587171,0.8527535710041466,0.5171955959062987,0.4424239794376312,0.5284798002436601,0.9457466401368796,0.4970010163940546,0.0561003921344278,0.8289739007238816,1,4,2,2,S13
0.8278265662109755,0.558458998099533,0.3954302156031166,0.5185975067057907,0.3327248024943245,0.8527907021651451,0.1620223266819814,0.4445583054222983,0.5303529419574483,0.941990169207839,0.5068356808170625,0.0552935365089303,0.8289126503208172,1,4,2,2,S13
0.825003564146423,0.5590520619535605,0.3868843547646971,0.5267591890036879,0.3323606581916616,0.8527838331405363,0.4577775871610277,0.4909206684349677,0.5337471877260492,0.9308656326968228,0.5269804588309678,0.0546046595915826,0.8285500098769026,1,4,2,2,S13
0.6878145789092671,0.5033730604131084,0.1979437156501113,0.5317835400574269,0.3336274892273983,0.8528789427120463,0.4443453584185726,0.7128536370158958,0.6064420140064081,0.8193389617430166,0.5375947407012044,0.0383196894486727,0.828923338058013,1,4,2,1,S13
0.7011815803285881,0.6768141383695581,0.2409105547459076,0.5042466058977833,0.33195767451014,0.8528462788188007,0.4795522796207121,0.7858089044676239,0.4794510114110566,0.7147668006675248,0.5081020574280426,0.0458951711520952,0.8283507644208694,1,4,2,2,S13
0.835607158238265,0.4321401952084051,0.5486244724874384,0.5260085773868736,0.3341401513139148,0.8523995520435251,0.3932082459241589,0.8867847608214398,0.5843701788752286,0.5949154063621402,0.5646118837087776,0.0399775879281947,0.8293812966937265,1,4,2,2,S13
0.802064351624176,0.5401319739396109,0.399151150503151,0.509029496404866,0.3316586924386741,0.8522475688696574,0.4010270689429229,0.812498413609018,0.5818982044131702,0.7523796168622665,0.40115779698989,0.032757985529471,0.8305752018218304,1,4,2,2,S13
0.774670637963927,0.4978419650517645,0.2765055111913182,0.5445491011801922,0.3323256077556943,0.8522426212505332,0.462256848298982,0.8191850388380941,0.5098697675634134,0.7652011921288944,0.5334428232531297,0.0308942183602132,0.8292091594556352,1,4,2,1,S13
0.7797263166242888,0.506756090918341,0.3246747088596106,0.514257866425082,0.3329142087099913,0.8521986691000626,0.4260669740116747,0.5412061169962519,0.5428728904347124,0.9011502666230188,0.5403798714175064,0.0415530153600608,0.8310240488902639,1,4,2,2,S13
0.7760455954965663,0.5648023709010963,0.7274733592005065,0.511305613925501,0.5190818869972152,0.8663369470807459,0.3245004289359946,0.5589579538361924,0.5336122085585275,0.9145382070948368,0.5229299900820775,0.7618310785820424,0.7134256906400974,0,4,1,0,S13
0.7766005671235948,0.5627798930154151,0.7240860664477271,0.5215709070425689,0.5195656148193726,0.8666238129196647,0.3245933461521218,0.5512692961713787,0.5334975138028147,0.9172524607111469,0.5313027686736062,0.7620623940022389,0.7144682612435823,0,4,1,0,S13
0.7790902300874363,0.5639368540418938,0.7181742972001937,0.5430761417228746,0.5194489784023631,0.8669529016441179,0.4267350030471548,0.5463919261598337,0.5319057356687527,0.92027995982687,0.5077717237121527,0.7610992881702872,0.7150444405939986,0,4,1,0,S13
0.7905994713721167,0.5681950468861972,0.6935127223926191,0.4729798114392257,0.5196269692650677,0.8672058066410883,0.446434123171891,0.6095095898991322,0.5039457184076368,0.8997397803568332,0.4260515614388097,0.7531653783906813,0.7132181896179686,0,4,1,0,S13
0.8009762076923868,0.571020001930802,0.686275574368552,0.555673328933228,0.5193391659953299,0.8672561954999336,0.3213703018512353,0.6002494705763145,0.5317922166857126,0.902937699627574,0.497660826374278,0.7459963816263889,0.7152050930000746,0,4,1,0,S13
0.8140669304473341,0.504799192365935,0.6682977110836532,0.5052217884222567,0.5198575867004952,0.8672805493144566,0.7014165080910354,0.5474000364121642,0.5143953896431793,0.9221986646453286,0.5337800005275164,0.7679815312358031,0.7150378275240488,0,4,1,0,S13
0.7907172952560184,0.5048504674954257,0.71313054287441,0.5326448927108314,0.5193899955529738,0.8672974096475882,0.6233423859828803,0.546083821692448,0.5202940024778545,0.9177321906424586,0.4797249560289343,0.7612934289978891,0.7145119673958689,0,4,1,0,S13
0.7911986132683133,0.4787984331498254,0.7074575659304123,0.5314606810025925,0.5184308050361636,0.8672400076587223,0.2933002072336949,0.5364811237124176,0.5186909726576933,0.9218520213943886,0.5726000096696193,0.7620610092331963,0.7131997286757632,0,4,1,0,S13
0.7902950345403759,0.4796325771458419,0.7109146582222845,0.523017046081106,0.5178061469751469,0.8673534666526147,0.3518985766503328,0.5329625858495246,0.5188032052560788,0.9216131719219204,0.5549953549669531,0.7613775012102103,0.7150530987150928,0,4,1,0,S13
0.7914411506605661,0.4766612987165982,0.7083862846627063,0.5286636642383817,0.5178930930924633,0.8676543587515745,0.4453629030474078,0.5315297846920599,0.51982091521651,0.9224595971196474,0.5076040430517512,0.7606446956085646,0.7129787007409499,0,4,1,0,S13
0.7910150550211893,0.4764850310283669,0.7085031614400219,0.5262878437305213,0.5180005249762678,0.8680335481240502,0.4425745689023683,0.5335713425360633,0.5196550649404938,0.9231206182289846,0.5312936370825033,0.760592181920734,0.7129140005725658,0,4,1,0,S13
0.7971455114963439,0.4750790687293358,0.6985423249745821,0.5165160022505686,0.5179296211182742,0.868128945906383,0.4046538278568733,0.5345573011070709,0.519517969977271,0.9200403297816192,0.5406755281455446,0.759967002603827,0.713353353309643,0,4,1,0,S13
0.7930653735117639,0.4717591853405042,0.7052104057439654,0.5250676682064809,0.5169872016927806,0.8684615411958463,0.358380218267305,0.531862647484162,0.5210217243167841,0.9224232517172416,0.5324150555587885,0.7597117971416365,0.7124299100295179,0,4,1,0,S13
0.7957564836142421,0.4671439992527861,0.7008602762689415,0.5285081393671858,0.516365554702884,0.8687605599244578,0.4080922567524912,0.5187282317797486,0.519962709998814,0.9265053314392028,0.52995526738862,0.7588782384108552,0.7123235050224455,0,4,1,0,S13
0.7962977976743436,0.4682562240387403,0.7002016679738736,0.5267259768441415,0.5158520125837827,0.8689649494329306,0.4254640300852385,0.5226024088105493,0.5200356392160268,0.9264124062725618,0.5220566817070353,0.7572573277388037,0.7121046384746925,0,4,1,0,S13
0.7968295221041524,0.4666067937217327,0.6988101933579287,0.5274116640793487,0.5154738630280822,0.8689519799459064,0.4260804295243816,0.524630209683539,0.520185906325181,0.925662623834444,0.5245452186806454,0.7560290764371427,0.7114220091103337,0,4,1,0,S13
0.7951771331374773,0.4678539632516197,0.7008291389507014,0.5287066843910664,0.5152777300588729,0.8689815695903763,0.4219076240361454,0.5164190051168265,0.5238607363245307,0.9261923684915224,0.5282865865337345,0.7552362243453689,0.7124026435567968,0,4,1,0,S13
0.7985854947946353,0.4689474890431301,0.6974807641064245,0.5115717935560595,0.5148921453535349,0.8689511633485753,0.3997560561402332,0.5250997051780457,0.519677185754351,0.9246100960508944,0.5160275640692329,0.755759399004591,0.7124399870371063,0,4,1,0,S13
0.8006108247177295,0.4688336193233816,0.6937610601956237,0.5242389220428377,0.5137015140615855,0.8689511633485753,0.3382262375904968,0.5332525396355194,0.5177973138371611,0.9238649100192452,0.5226043777414784,0.7512819167195002,0.7124660798044643,0,4,1,0,S13
0.8002178918581438,0.4665962829049788,0.6930152990847396,0.5274040090893056,0.5132969583233756,0.8692529200800035,0.4464087956616841,0.5283457786835513,0.5189520595712916,0.9249742263874028,0.5524901002722111,0.7505705628007657,0.7121909544769909,0,4,1,0,S13
0.7996310830736622,0.4653205308190637,0.692820398057231,0.5292714493039479,0.5132424895353189,0.8692452344580632,0.4448370159463104,0.5264946726986913,0.5179669557993495,0.9246683048414708,0.5277057904115338,0.7492375012414433,0.7112998792350667,0,4,1,0,S13
0.797607691161793,0.4643173433599937,0.7002401071402629,0.5194781415935862,0.5129537584038335,0.8691729415766879,0.4351051493236434,0.5216279664210102,0.5206975070760197,0.9238561510193852,0.508191730201346,0.749804695622886,0.712423862706928,0,4,1,0,S13
0.7943133388341456,0.4603476511733294,0.7103578185957661,0.5241312492426013,0.5130096766019103,0.8693300164750912,0.4246309675959993,0.4906263723105212,0.5314895060790855,0.9297299848339232,0.5393239087700157,0.7487428267967242,0.7110680653428354,0,4,1,0,S13
0.8327939880648026,0.5195354246804116,0.6299142639162596,0.5182528864664034,0.5129630175862072,0.8696809611869366,0.4039189357338519,0.4661003178419391,0.5306434396688428,0.9343017548645058,0.5091577254508939,0.7471239419878153,0.7124219000483364,0,4,1,0,S13
0.8304643216825224,0.5139585916324141,0.6309659402705386,0.5351735457639158,0.5121815443644074,0.8698233373333791,0.4828472196744173,0.469662507551339,0.5273379484045966,0.9350418747826568,0.5071808481944406,0.7472415895557734,0.7112850317992483,0,4,1,0,S13
0.8294656199119701,0.5146805380137391,0.6348483199267558,0.5283120420487828,0.5113772113354541,0.8701014607773409,0.3867761201574097,0.4689759113332689,0.5298230738255174,0.9346322639001076,0.5318217673310803,0.7459401610703531,0.7124109505954113,0,4,1,0,S13
0.828611140580106,0.514659001885324,0.6367573082430571,0.5275368470557255,0.5112821476490392,0.8703642129774223,0.414692697715943,0.4688872738268567,0.5297054429828438,0.9350703297044692,0.5280400030963539,0.7444972670200866,0.7110566422531728,0,4,1,0,S13
0.829496886941839,0.5133428533840062,0.6332604480797093,0.5203351844593327,0.5114295730022389,0.8704559600893338,0.414913348135263,0.4681934590670011,0.5314633538269641,0.9346512574078172,0.5231076358929255,0.7436693511599857,0.7113307464764705,0,4,1,0,S13
0.8290587688148291,0.512309860139973,0.6353917174190551,0.5233913883547473,0.5105957221380688,0.8706649129358334,0.4338232408409236,0.4600195681305521,0.5311062155980015,0.9368604081845936,0.5169162500074824,0.7421740822783357,0.7123791892022645,0,4,1,0,S13
0.8301999045359886,0.5100103386098851,0.6341531598718553,0.5220678840163837,0.5101990271972388,0.8709140231569709,0.4036184200833462,0.4600262081587431,0.5311828560224912,0.9364810932377848,0.5241524677526828,0.7409053026307161,0.7123870154770667,0,4,1,0,S13
0.8278450569695592,0.5102227212364799,0.6369775929119037,0.5252413238422862,0.509031531264658,0.8711322948200733,0.4081059415985462,0.4599964564891821,0.5311979083216029,0.9352492897719488,0.5286382966604486,0.7405405212906674,0.7123999510960868,0,4,1,0,S13
0.8277868445870576,0.5107489240505599,0.6384593832108045,0.5290557027184156,0.5084070401904616,0.8713140117438224,0.4149753942194246,0.4601378224432529,0.5312029783023619,0.9354962192386238,0.5202954074985648,0.7392104617319308,0.7125014192318685,0,4,1,0,S13
0.8275441741777559,0.5100908889023793,0.6387962071588631,0.5222352337159136,0.5081705538205514,0.8713787150735317,0.4144584509991157,0.4607691196299364,0.5311912473492492,0.9358957540031868,0.5086523134082341,0.7377531980485283,0.7123655589610604,0,4,1,0,S13
0.8319430786665745,0.5067611480482986,0.6289589242835607,0.5332338880946604,0.5064636020401335,0.8716024147071291,0.4194408837582698,0.4595642429068503,0.532133567244842,0.936491837009833,0.5235816236851608,0.7353661621340946,0.712523252862227,0,4,1,0,S13
0.832352039457233,0.5119382570822882,0.6288969826827309,0.526421405840038,0.5054481151862145,0.8717618433272517,0.391075779199758,0.460889191533308,0.5319583691440194,0.9349613239241245,0.5234598673018539,0.735478415066643,0.7124969833115677,0,4,1,0,S13
0.8316762109827976,0.5081743862021216,0.6294252493897597,0.5340260156150756,0.5044819131855841,0.8719795385687084,0.4323468932962545,0.4577382862851829,0.5332462706351285,0.9370305804439948,0.5214480629995075,0.7333784487285189,0.7130433727560999,0,4,1,0,S13
0.8337555842177975,0.5061856398063863,0.6240051251034472,0.5193860487065561,0.503821468277212,0.8721200893799403,0.3896978878330634,0.4559022814596492,0.5338011320225559,0.9367235877587854,0.5320025944385584,0.7319935993927609,0.7130415229342817,0,4,1,0,S13
0.832960680383889,0.5057408500013686,0.6240115875132979,0.5220197239199248,0.5033264022376461,0.8721288798100344,0.4149025950392567,0.4498496504887754,0.5361653130418662,0.939200364158481,0.5269450445300954,0.733376955191394,0.7129821837565659,0,4,1,0,S13
0.8478609156801772,0.54064277258452,0.5657773480135535,0.5237398148872856,0.4363548021680909,0.8552904507012025,0.3766276700805215,0.5362504598950978,0.507999983649569,0.920658181750017,0.536586721626446,0.1845978424281909,0.7689526370003955,0,4,1,0,S13
0.847565126472503,0.541688079596081,0.5683076480070925,0.5239672719224923,0.4364212517837654,0.8552646077974286,0.4006611731872769,0.5363380851350201,0.5074179595436837,0.9206584323025702,0.5071113139618589,0.1844156916331938,0.7677791941055411,0,4,1,0,S13
0.8473175256911074,0.5437837669550747,0.5689122855467704,0.5189795214541204,0.4351507099245211,0.8546975530036515,0.3717771968195173,0.5396463143892263,0.509051547075426,0.9195316461108743,0.433549591058276,0.1845941201685201,0.7679861794795729,0,4,1,0,S13
0.8466562337909286,0.5394992748524151,0.5743501547471539,0.5236729721958823,0.4337405965166557,0.8541208431473121,0.3955975180175149,0.5345499217861324,0.5084272334064637,0.9225144541382744,0.5810662938348795,0.1842638589707129,0.7677590937190922,0,4,1,0,S13
0.8461900772630487,0.5369893500883446,0.5768581753972492,0.5277596007845354,0.4341329298918834,0.854152738478364,0.4700336805717814,0.5319485698481068,0.5089742779055342,0.9236464434338328,0.5168494351095407,0.1837942786319722,0.7681333298496011,0,4,1,0,S13
0.8468349760121469,0.5374452085741396,0.5718120696792585,0.527198093805708,0.4339260728690454,0.8544310540628745,0.4010607494614628,0.531923933361518,0.5085036677823085,0.9212482306294968,0.5763495223792197,0.183939825455056,0.7688627761427091,0,4,1,0,S13
0.8482684575759634,0.5405940662126083,0.5677012786774227,0.5229245529716977,0.4340890073490127,0.8543894556341228,0.3695745140542458,0.5355208688899431,0.5087233324862152,0.9211035201338554,0.4834055254211194,0.1835944871616836,0.7680727795562925,0,4,1,0,S13
0.846446150713601,0.5373165047936936,0.5741666111980723,0.5264646256077711,0.4329466126192488,0.8545497969218507,0.4549322243349994,0.5338462941284902,0.5081854546113143,0.9221030439462437,0.5538040687017576,0.1829681409530073,0.7678264083761609,0,4,1,0,S13
0.8467781550948086,0.5392162524701367,0.5732600093917951,0.5297977463735353,0.4323445763455883,0.8550148731195083,0.4379678213197962,0.5327469336801244,0.507655314035079,0.9217178282622496,0.5181444537983356,0.1815894089349454,0.7680779017055603,0,4,1,0,S13
0.8465826683825238,0.5402075847253714,0.5741400803275545,0.5271999465259821,0.4322931124300857,0.8550694410352839,0.4100036285410333,0.5342332622925599,0.5084332366602013,0.9228085767705244,0.5130126691333529,0.1809901885807627,0.7678008784168182,0,4,1,0,S13
0.8466281187857247,0.5413228047265415,0.5741168811528119,0.5184897961500264,0.4321382047686961,0.8550888952658202,0.3724370462610304,0.5331297645742146,0.5088269207186301,0.9256241486979776,0.378977259286203,0.1817573275362504,0.768897630165585,0,4,1,0,S13
0.8457888704093108,0.5363153025109523,0.5762765660898431,0.5286505724737846,0.4319865331189247,0.8552219045605232,0.4446484272881907,0.523529977403184,0.5082030540388077,0.925595564797458,0.5577776044471818,0.1808261963477329,0.7678896706800414,0,4,1,0,S13
0.8464973577335395,0.5368000310987485,0.5733563589262116,0.5279135364112579,0.4317140455092603,0.8550370173177236,0.4345990451634721,0.5262932600536818,0.5060332117923276,0.924497631774552,0.6091123309047919,0.1817696130989515,0.767803078653565,0,4,1,0,S13
0.8482268673775428,0.5334940352220349,0.565218826784924,0.5259272835797381,0.4312602253856169,0.8552402539829053,0.4264897071616371,0.5312272334331981,0.5082240951628219,0.9234558417083998,0.5191339405070167,0.1813740754063738,0.7692377700636526,0,4,1,0,S13
0.8480525528236212,0.5362750142829327,0.567622896912708,0.5195105555894611,0.4322915441004318,0.855319944275398,0.3844625621399861,0.5313426125971186,0.508897654433039,0.9234788401067424,0.4981382473496963,0.1806952495880736,0.7681134459553427,0,4,1,0,S13
0.8478925901085768,0.5306423374144315,0.570915817984158,0.530602771906436,0.4324463841031782,0.8553589968418819,0.4407059307637405,0.531885718421698,0.5094211085744826,0.9219379156336532,0.5389694209104614,0.1797312253198107,0.7679893846001307,0,4,1,0,S13
0.8472717680686037,0.534119778758697,0.5647500641959966,0.5262492739053035,0.4323995812371891,0.855366298182725,0.3736664408642476,0.5354361272062328,0.506453780521437,0.9227551725492508,0.5426100495557705,0.1799105454341246,0.7692161409169979,0,4,1,0,S13
0.8476845450813139,0.6341147206539663,0.4932556232948026,0.4928044961623479,0.4325152321705781,0.8559378202442546,0.4278741460737081,0.4504349306298887,0.5084859098231461,0.934876798503684,0.5630272775537131,0.1762355242793445,0.7702338578066357,0,4,1,0,S13
0.8379363906873266,0.6637639237865394,0.5025523264311645,0.5354464295609396,0.4321982438272381,0.8559041956482664,0.4008284154604697,0.4211130992175148,0.5079734567717542,0.9434867231589136,0.4781401422425913,0.1764039890886579,0.7690186239970647,0,4,1,0,S13
0.8398973691247738,0.6585124643168219,0.5507293098395378,0.5205063737687295,0.4323419742239981,0.855918125838033,0.5172372210080683,0.4364693383264697,0.5097920418611328,0.9393239102068742,0.4719020124017395,0.1757321532791757,0.7693874650683767,0,4,1,0,S13
0.8385891069036167,0.6590922722339315,0.536390011516811,0.5366218303443914,0.431925449751295,0.8558333918561419,0.4841853180372971,0.4410003089881213,0.5065674636386832,0.9425909905840824,0.5513901897229769,0.1760101475838698,0.7701659732135449,0,4,1,0,S13
0.8386816102755337,0.6622739418199599,0.5384462563497519,0.5349705041007191,0.431348737391009,0.8561232358735625,0.3945979281590595,0.455867901340392,0.5074060128852974,0.938563706172993,0.5381478309354704,0.1749616295478973,0.7691902957088312,0,4,1,0,S13
0.8381316153398841,0.6621423658625787,0.5395433902187616,0.5187698346328993,0.4314271744242792,0.855910536286367,0.4420605143714148,0.4550731933346679,0.5079202942303428,0.9383043003188214,0.5136865358710495,0.1746589416621848,0.7688679581228902,0,4,1,0,S13
0.8393520581270792,0.6623791536989696,0.5329798010278836,0.5217416669303591,0.4309042309781247,0.8545353383455756,0.3983179208780329,0.4618269841927705,0.5079607013914474,0.9376947481113392,0.5415749048500693,0.1720151101924345,0.7691003759382432,0,4,1,0,S13
0.8386754876309706,0.662501152034417,0.5402097574117881,0.5240607515557961,0.4308029449684284,0.854248904822891,0.459434365851559,0.4586497419798533,0.5074474516132113,0.9383320417916892,0.5297678408986528,0.1710508978259664,0.7692368943029751,0,4,1,0,S13
0.8386050493864484,0.6627267881529779,0.5391303578664022,0.5240792944780726,0.4314785648997497,0.8536237275131913,0.4267799446884989,0.4692814885092425,0.5086594279667002,0.930204463707932,0.5270995174510359,0.170880312619554,0.7703571592100953,0,4,1,0,S13
0.8411838399049429,0.6610248119001663,0.5361138000990413,0.5295463116733989,0.4315775554507794,0.8531606687912926,0.4490518367269787,0.4771382673160547,0.5119538736745112,0.9098542810067765,0.5366580835552305,0.1694081019209541,0.7693769595325967,0,4,1,0,S13
0.8039641653416143,0.7167498657006908,0.4250642028676519,0.530777434415334,0.4321069142450969,0.8528154402607652,0.3548652230272841,0.7065329132431968,0.5203024659088898,0.7058550410776626,0.4522482581117118,0.1203073570069177,0.7713672993844461,0,4,1,0,S13
0.8515475326222144,0.5691659691760603,0.4892392674416039,0.5292363773131231,0.4324662652234161,0.8526664833005366,0.4146489278097808,0.4304978462242311,0.4909503394207568,0.956458752957068,0.5338372162168817,0.1497397790307639,0.7705909031803109,0,4,1,0,S13
0.8486512641949008,0.5107257451514421,0.4626418733719171,0.52846769190027,0.4315893900546722,0.8529554146503517,0.4402792830763294,0.4367987029857689,0.4994661678515624,0.9439753202471824,0.514401556837098,0.1492907407714635,0.7716297116852782,0,4,1,2,S13
0.8472454684001596,0.5127417822888731,0.4577654483683194,0.525910178744823,0.431344749655531,0.8533499272315707,0.3898243760001543,0.4644707663455567,0.5007902311570674,0.9346944159162368,0.5300765804643366,0.150409224773223,0.7701291252637399,0,4,1,2,S13
